CREATE DATABASE  IF NOT EXISTS `bg_dental` /*!40100 DEFAULT CHARACTER SET latin1 */;
USE `bg_dental`;
-- MySQL dump 10.13  Distrib 5.5.40, for debian-linux-gnu (x86_64)
--
-- Host: 127.0.0.1    Database: bg_dental
-- ------------------------------------------------------
-- Server version	5.5.40-0ubuntu0.14.04.1-log

/*!40101 SET @OLD_CHARACTER_SET_CLIENT=@@CHARACTER_SET_CLIENT */;
/*!40101 SET @OLD_CHARACTER_SET_RESULTS=@@CHARACTER_SET_RESULTS */;
/*!40101 SET @OLD_COLLATION_CONNECTION=@@COLLATION_CONNECTION */;
/*!40101 SET NAMES utf8 */;
/*!40103 SET @OLD_TIME_ZONE=@@TIME_ZONE */;
/*!40103 SET TIME_ZONE='+00:00' */;
/*!40014 SET @OLD_UNIQUE_CHECKS=@@UNIQUE_CHECKS, UNIQUE_CHECKS=0 */;
/*!40014 SET @OLD_FOREIGN_KEY_CHECKS=@@FOREIGN_KEY_CHECKS, FOREIGN_KEY_CHECKS=0 */;
/*!40101 SET @OLD_SQL_MODE=@@SQL_MODE, SQL_MODE='NO_AUTO_VALUE_ON_ZERO' */;
/*!40111 SET @OLD_SQL_NOTES=@@SQL_NOTES, SQL_NOTES=0 */;

--
-- Table structure for table `companias`
--

DROP TABLE IF EXISTS `companias`;
/*!40101 SET @saved_cs_client     = @@character_set_client */;
/*!40101 SET character_set_client = utf8 */;
CREATE TABLE `companias` (
  `created_at` timestamp NOT NULL DEFAULT '0000-00-00 00:00:00',
  `updated_at` timestamp NOT NULL DEFAULT '0000-00-00 00:00:00',
  `id` int(10) unsigned NOT NULL AUTO_INCREMENT,
  `nombre` varchar(255) COLLATE utf8_unicode_ci NOT NULL,
  `comentarios` varchar(255) COLLATE utf8_unicode_ci NOT NULL,
  `codigo` varchar(255) COLLATE utf8_unicode_ci NOT NULL,
  `paciente_id` int(11) NOT NULL,
  PRIMARY KEY (`id`)
) ENGINE=InnoDB AUTO_INCREMENT=8 DEFAULT CHARSET=utf8 COLLATE=utf8_unicode_ci;
/*!40101 SET character_set_client = @saved_cs_client */;

--
-- Dumping data for table `companias`
--

LOCK TABLES `companias` WRITE;
/*!40000 ALTER TABLE `companias` DISABLE KEYS */;
INSERT INTO `companias` VALUES ('0000-00-00 00:00:00','0000-00-00 00:00:00',1,'PRIVADO','','priv',0),('0000-00-00 00:00:00','0000-00-00 00:00:00',2,'Quirón Dental','','q-dental',0),('0000-00-00 00:00:00','0000-00-00 00:00:00',3,'Quirón Personal','','q-pers',0),('0000-00-00 00:00:00','0000-00-00 00:00:00',4,'MAPFRE','','mapfre',0),('0000-00-00 00:00:00','0000-00-00 00:00:00',5,'G.C. Grandes Colectivos','','gc-granc',0),('0000-00-00 00:00:00','0000-00-00 00:00:00',6,'G.C. SERSANET','','gc-sers',0),('0000-00-00 00:00:00','0000-00-00 00:00:00',7,'G.C Unión Madrileña','','gc-mad',0);
/*!40000 ALTER TABLE `companias` ENABLE KEYS */;
UNLOCK TABLES;

--
-- Table structure for table `especialidades`
--

DROP TABLE IF EXISTS `especialidades`;
/*!40101 SET @saved_cs_client     = @@character_set_client */;
/*!40101 SET character_set_client = utf8 */;
CREATE TABLE `especialidades` (
  `id` int(10) unsigned NOT NULL AUTO_INCREMENT,
  `created_at` timestamp NOT NULL DEFAULT '0000-00-00 00:00:00',
  `updated_at` timestamp NOT NULL DEFAULT '0000-00-00 00:00:00',
  `especialidad` varchar(255) COLLATE utf8_unicode_ci NOT NULL,
  `codigo` varchar(255) COLLATE utf8_unicode_ci NOT NULL,
  PRIMARY KEY (`id`)
) ENGINE=InnoDB AUTO_INCREMENT=5 DEFAULT CHARSET=utf8 COLLATE=utf8_unicode_ci;
/*!40101 SET character_set_client = @saved_cs_client */;

--
-- Dumping data for table `especialidades`
--

LOCK TABLES `especialidades` WRITE;
/*!40000 ALTER TABLE `especialidades` DISABLE KEYS */;
INSERT INTO `especialidades` VALUES (1,'2015-01-13 18:16:50','2015-01-13 18:16:50','Cirugía Maxilofacial','maxilos'),(2,'2015-01-13 18:17:05','2015-01-13 18:17:05','Odontología','odont'),(3,'2015-01-13 18:17:25','2015-01-13 18:17:25','Higiene Dental','higdent'),(4,'2015-01-13 18:17:39','2015-01-13 18:17:39','Recepción','recep');
/*!40000 ALTER TABLE `especialidades` ENABLE KEYS */;
UNLOCK TABLES;

--
-- Table structure for table `grupostratamientos`
--

DROP TABLE IF EXISTS `grupostratamientos`;
/*!40101 SET @saved_cs_client     = @@character_set_client */;
/*!40101 SET character_set_client = utf8 */;
CREATE TABLE `grupostratamientos` (
  `created_at` timestamp NOT NULL DEFAULT '0000-00-00 00:00:00',
  `updated_at` timestamp NOT NULL DEFAULT '0000-00-00 00:00:00',
  `id` int(10) unsigned NOT NULL AUTO_INCREMENT,
  `nombre` varchar(255) COLLATE utf8_unicode_ci NOT NULL,
  `codigo` varchar(255) COLLATE utf8_unicode_ci NOT NULL,
  PRIMARY KEY (`id`),
  UNIQUE KEY `codigo_UNIQUE` (`codigo`),
  UNIQUE KEY `nombre_UNIQUE` (`nombre`)
) ENGINE=InnoDB AUTO_INCREMENT=19 DEFAULT CHARSET=utf8 COLLATE=utf8_unicode_ci;
/*!40101 SET character_set_client = @saved_cs_client */;

--
-- Dumping data for table `grupostratamientos`
--

LOCK TABLES `grupostratamientos` WRITE;
/*!40000 ALTER TABLE `grupostratamientos` DISABLE KEYS */;
INSERT INTO `grupostratamientos` VALUES ('2014-11-19 15:24:14','2014-11-19 15:24:14',1,'preventiva','prev'),('2014-11-19 15:24:36','2014-11-19 15:24:36',2,'conservadora','cons'),('2014-11-19 15:26:14','2014-11-19 15:26:14',3,'endodoncia','endo'),('2014-11-19 15:38:33','2014-11-19 15:38:33',4,'cirugía (maxilo)','cir'),('2014-11-19 15:39:17','2014-11-19 15:39:17',5,'periodoncia','peri'),('2014-11-19 15:39:59','2014-11-19 15:39:59',6,'removible','remo'),('2014-11-19 15:40:08','2014-11-19 15:40:08',7,'fija','fija'),('2014-11-19 15:40:20','2014-11-19 15:40:20',8,'implantología','impl'),('2014-11-19 15:40:34','2014-11-19 15:40:34',9,'blanqueamiento','blqn'),('2014-11-19 15:40:45','2014-11-19 15:40:45',10,'oclusión','ocl'),('2014-11-19 15:41:16','2014-11-19 15:41:16',11,'1ª fase Ortodoncia Interceptiva','1orto'),('2014-11-19 15:41:44','2014-11-19 15:41:44',12,'2ª fase Ortodoncia Interceptiva','2orto'),('0000-00-00 00:00:00','0000-00-00 00:00:00',13,'Exodoncias','exos'),('0000-00-00 00:00:00','0000-00-00 00:00:00',14,'Cirugías','cirug'),('0000-00-00 00:00:00','0000-00-00 00:00:00',15,'General','gen'),('0000-00-00 00:00:00','0000-00-00 00:00:00',16,'Ordtodoncia','orto'),('0000-00-00 00:00:00','0000-00-00 00:00:00',17,'Maxilofacial','max'),('0000-00-00 00:00:00','0000-00-00 00:00:00',18,'Exodoncias-maxilo','');
/*!40000 ALTER TABLE `grupostratamientos` ENABLE KEYS */;
UNLOCK TABLES;

--
-- Table structure for table `grupostratamientos_tratamientos`
--

DROP TABLE IF EXISTS `grupostratamientos_tratamientos`;
/*!40101 SET @saved_cs_client     = @@character_set_client */;
/*!40101 SET character_set_client = utf8 */;
CREATE TABLE `grupostratamientos_tratamientos` (
  `created_at` timestamp NOT NULL DEFAULT '0000-00-00 00:00:00',
  `updated_at` timestamp NOT NULL DEFAULT '0000-00-00 00:00:00',
  `id` int(10) unsigned NOT NULL,
  `tratamientos_id` int(11) NOT NULL,
  `grupotratamientos_id` int(11) NOT NULL,
  PRIMARY KEY (`tratamientos_id`,`grupotratamientos_id`)
) ENGINE=InnoDB DEFAULT CHARSET=utf8 COLLATE=utf8_unicode_ci;
/*!40101 SET character_set_client = @saved_cs_client */;

--
-- Dumping data for table `grupostratamientos_tratamientos`
--

LOCK TABLES `grupostratamientos_tratamientos` WRITE;
/*!40000 ALTER TABLE `grupostratamientos_tratamientos` DISABLE KEYS */;
/*!40000 ALTER TABLE `grupostratamientos_tratamientos` ENABLE KEYS */;
UNLOCK TABLES;

--
-- Table structure for table `guardias`
--

DROP TABLE IF EXISTS `guardias`;
/*!40101 SET @saved_cs_client     = @@character_set_client */;
/*!40101 SET character_set_client = utf8 */;
CREATE TABLE `guardias` (
  `id` int(10) unsigned NOT NULL AUTO_INCREMENT,
  `created_at` timestamp NOT NULL DEFAULT '0000-00-00 00:00:00',
  `updated_at` timestamp NOT NULL DEFAULT '0000-00-00 00:00:00',
  `fecha_guardia` date NOT NULL,
  `profesional_id` int(11) NOT NULL,
  PRIMARY KEY (`id`)
) ENGINE=InnoDB AUTO_INCREMENT=182 DEFAULT CHARSET=utf8 COLLATE=utf8_unicode_ci;
/*!40101 SET character_set_client = @saved_cs_client */;

--
-- Dumping data for table `guardias`
--

LOCK TABLES `guardias` WRITE;
/*!40000 ALTER TABLE `guardias` DISABLE KEYS */;
INSERT INTO `guardias` VALUES (1,'2015-02-18 09:12:51','2015-02-18 09:12:51','2015-02-01',1),(2,'2015-02-18 09:12:51','2015-02-18 09:12:51','2015-02-02',1),(3,'2015-02-18 09:12:51','2015-02-18 09:12:51','2015-02-03',2),(4,'2015-02-18 09:12:51','2015-02-18 09:12:51','2015-02-04',3),(5,'2015-02-18 09:12:51','2015-02-18 09:12:51','2015-02-05',2),(6,'2015-02-18 09:12:51','2015-02-18 09:12:51','2015-02-06',1),(7,'2015-02-18 09:12:51','2015-02-18 09:12:51','2015-02-07',1),(8,'2015-02-18 09:12:51','2015-02-18 09:12:51','2015-02-08',1),(9,'2015-02-18 09:12:51','2015-02-18 09:12:51','2015-02-09',1),(10,'2015-02-18 09:12:51','2015-02-18 09:12:51','2015-02-10',3),(11,'2015-02-18 09:12:51','2015-02-18 09:12:51','2015-02-11',1),(12,'2015-02-18 09:12:52','2015-02-18 09:12:52','2015-02-12',1),(13,'2015-02-18 09:12:52','2015-02-18 09:12:52','2015-02-13',1),(14,'2015-02-18 09:12:52','2015-02-18 09:12:52','2015-02-14',1),(15,'2015-02-18 09:12:52','2015-02-18 09:12:52','2015-02-15',1),(16,'2015-02-18 09:12:52','2015-02-18 09:12:52','2015-02-16',1),(17,'2015-02-18 09:12:52','2015-02-18 09:12:52','2015-02-17',2),(18,'2015-02-18 09:12:52','2015-02-18 09:12:52','2015-02-18',1),(19,'2015-02-18 09:12:52','2015-02-18 09:12:52','2015-02-19',1),(20,'2015-02-18 09:12:52','2015-02-18 09:12:52','2015-02-20',1),(21,'2015-02-18 09:12:52','2015-02-18 09:12:52','2015-02-21',1),(22,'2015-02-18 09:12:52','2015-02-18 09:12:52','2015-02-22',1),(23,'2015-02-18 09:12:52','2015-02-18 09:12:52','2015-02-23',1),(24,'2015-02-18 09:12:52','2015-02-18 09:12:52','2015-02-24',1),(25,'2015-02-18 09:12:52','2015-02-18 09:12:52','2015-02-25',1),(26,'2015-02-18 09:12:52','2015-02-18 09:12:52','2015-02-26',1),(27,'2015-02-18 09:12:52','2015-02-18 09:12:52','2015-02-27',1),(28,'2015-02-18 09:12:52','2015-02-18 09:12:52','2015-02-28',1),(29,'2015-03-02 10:35:21','2015-03-02 10:35:21','2015-03-01',1),(30,'2015-03-02 10:35:21','2015-03-02 10:35:21','2015-03-02',1),(31,'2015-03-02 10:35:21','2015-03-02 10:35:21','2015-03-03',1),(32,'2015-03-02 10:35:21','2015-03-02 10:35:21','2015-03-04',1),(33,'2015-03-02 10:35:21','2015-03-02 10:35:21','2015-03-05',1),(34,'2015-03-02 10:35:21','2015-03-02 10:35:21','2015-03-06',1),(35,'2015-03-02 10:35:21','2015-03-02 10:35:21','2015-03-07',1),(36,'2015-03-02 10:35:21','2015-03-02 10:35:21','2015-03-08',1),(37,'2015-03-02 10:35:21','2015-03-02 10:35:21','2015-03-09',1),(38,'2015-03-02 10:35:21','2015-03-02 10:35:21','2015-03-10',1),(39,'2015-03-02 10:35:21','2015-03-02 10:35:21','2015-03-11',1),(40,'2015-03-02 10:35:22','2015-03-02 10:35:22','2015-03-12',1),(41,'2015-03-02 10:35:22','2015-03-02 10:35:22','2015-03-13',1),(42,'2015-03-02 10:35:22','2015-03-02 10:35:22','2015-03-14',1),(43,'2015-03-02 10:35:22','2015-03-02 10:35:22','2015-03-15',1),(44,'2015-03-02 10:35:22','2015-03-02 10:35:22','2015-03-16',1),(45,'2015-03-02 10:35:22','2015-03-02 10:35:22','2015-03-17',1),(46,'2015-03-02 10:35:22','2015-03-02 10:35:22','2015-03-18',1),(47,'2015-03-02 10:35:22','2015-03-02 10:35:22','2015-03-19',1),(48,'2015-03-02 10:35:22','2015-03-02 10:35:22','2015-03-20',1),(49,'2015-03-02 10:35:22','2015-03-02 10:35:22','2015-03-21',1),(50,'2015-03-02 10:35:22','2015-03-02 10:35:22','2015-03-22',1),(51,'2015-03-02 10:35:22','2015-03-02 10:35:22','2015-03-23',1),(52,'2015-03-02 10:35:22','2015-03-02 10:35:22','2015-03-24',1),(53,'2015-03-02 10:35:22','2015-03-02 10:35:22','2015-03-25',1),(54,'2015-03-02 10:35:22','2015-03-02 10:35:22','2015-03-26',1),(55,'2015-03-02 10:35:22','2015-03-02 10:35:22','2015-03-27',1),(56,'2015-03-02 10:35:22','2015-03-02 10:35:22','2015-03-28',1),(57,'2015-03-02 10:35:22','2015-03-02 10:35:22','2015-03-29',1),(58,'2015-03-02 10:35:22','2015-03-02 10:35:22','2015-03-30',1),(59,'2015-03-02 10:35:22','2015-03-02 10:35:22','2015-03-31',1),(60,'2015-03-02 10:36:08','2015-03-02 10:36:08','2015-03-01',1),(61,'2015-03-02 10:36:08','2015-03-02 10:36:08','2015-03-02',1),(62,'2015-03-02 10:36:08','2015-03-02 10:36:08','2015-03-03',1),(63,'2015-03-02 10:36:08','2015-03-02 10:36:08','2015-03-04',1),(64,'2015-03-02 10:36:08','2015-03-02 10:36:08','2015-03-05',1),(65,'2015-03-02 10:36:08','2015-03-02 10:36:08','2015-03-06',3),(66,'2015-03-02 10:36:08','2015-03-02 10:36:08','2015-03-07',2),(67,'2015-03-02 10:36:08','2015-03-02 10:36:08','2015-03-08',1),(68,'2015-03-02 10:36:08','2015-03-02 10:36:08','2015-03-09',1),(69,'2015-03-02 10:36:08','2015-03-02 10:36:08','2015-03-10',1),(70,'2015-03-02 10:36:08','2015-03-02 10:36:08','2015-03-11',1),(71,'2015-03-02 10:36:08','2015-03-02 10:36:08','2015-03-12',1),(72,'2015-03-02 10:36:08','2015-03-02 10:36:08','2015-03-13',1),(73,'2015-03-02 10:36:08','2015-03-02 10:36:08','2015-03-14',1),(74,'2015-03-02 10:36:08','2015-03-02 10:36:08','2015-03-15',1),(75,'2015-03-02 10:36:08','2015-03-02 10:36:08','2015-03-16',1),(76,'2015-03-02 10:36:08','2015-03-02 10:36:08','2015-03-17',1),(77,'2015-03-02 10:36:08','2015-03-02 10:36:08','2015-03-18',1),(78,'2015-03-02 10:36:09','2015-03-02 10:36:09','2015-03-19',1),(79,'2015-03-02 10:36:09','2015-03-02 10:36:09','2015-03-20',1),(80,'2015-03-02 10:36:09','2015-03-02 10:36:09','2015-03-21',1),(81,'2015-03-02 10:36:09','2015-03-02 10:36:09','2015-03-22',1),(82,'2015-03-02 10:36:09','2015-03-02 10:36:09','2015-03-23',1),(83,'2015-03-02 10:36:09','2015-03-02 10:36:09','2015-03-24',1),(84,'2015-03-02 10:36:09','2015-03-02 10:36:09','2015-03-25',1),(85,'2015-03-02 10:36:09','2015-03-02 10:36:09','2015-03-26',1),(86,'2015-03-02 10:36:09','2015-03-02 10:36:09','2015-03-27',1),(87,'2015-03-02 10:36:09','2015-03-02 10:36:09','2015-03-28',1),(88,'2015-03-02 10:36:09','2015-03-02 10:36:09','2015-03-29',1),(89,'2015-03-02 10:36:09','2015-03-02 10:36:09','2015-03-30',1),(90,'2015-03-02 10:36:09','2015-03-02 10:36:09','2015-03-31',1),(91,'2015-03-02 10:36:31','2015-03-02 10:36:31','2015-03-01',1),(92,'2015-03-02 10:36:31','2015-03-02 10:36:31','2015-03-02',1),(93,'2015-03-02 10:36:31','2015-03-02 10:36:31','2015-03-03',1),(94,'2015-03-02 10:36:31','2015-03-02 10:36:31','2015-03-04',1),(95,'2015-03-02 10:36:31','2015-03-02 10:36:31','2015-03-05',1),(96,'2015-03-02 10:36:31','2015-03-02 10:36:31','2015-03-06',3),(97,'2015-03-02 10:36:31','2015-03-02 10:36:31','2015-03-07',2),(98,'2015-03-02 10:36:31','2015-03-02 10:36:31','2015-03-08',1),(99,'2015-03-02 10:36:31','2015-03-02 10:36:31','2015-03-09',1),(100,'2015-03-02 10:36:31','2015-03-02 10:36:31','2015-03-10',1),(101,'2015-03-02 10:36:31','2015-03-02 10:36:31','2015-03-11',1),(102,'2015-03-02 10:36:31','2015-03-02 10:36:31','2015-03-12',1),(103,'2015-03-02 10:36:31','2015-03-02 10:36:31','2015-03-13',1),(104,'2015-03-02 10:36:31','2015-03-02 10:36:31','2015-03-14',1),(105,'2015-03-02 10:36:32','2015-03-02 10:36:32','2015-03-15',1),(106,'2015-03-02 10:36:32','2015-03-02 10:36:32','2015-03-16',1),(107,'2015-03-02 10:36:32','2015-03-02 10:36:32','2015-03-17',1),(108,'2015-03-02 10:36:32','2015-03-02 10:36:32','2015-03-18',1),(109,'2015-03-02 10:36:32','2015-03-02 10:36:32','2015-03-19',1),(110,'2015-03-02 10:36:32','2015-03-02 10:36:32','2015-03-20',1),(111,'2015-03-02 10:36:32','2015-03-02 10:36:32','2015-03-21',1),(112,'2015-03-02 10:36:32','2015-03-02 10:36:32','2015-03-22',1),(113,'2015-03-02 10:36:32','2015-03-02 10:36:32','2015-03-23',1),(114,'2015-03-02 10:36:32','2015-03-02 10:36:32','2015-03-24',1),(115,'2015-03-02 10:36:32','2015-03-02 10:36:32','2015-03-25',1),(116,'2015-03-02 10:36:32','2015-03-02 10:36:32','2015-03-26',1),(117,'2015-03-02 10:36:32','2015-03-02 10:36:32','2015-03-27',1),(118,'2015-03-02 10:36:32','2015-03-02 10:36:32','2015-03-28',1),(119,'2015-03-02 10:36:32','2015-03-02 10:36:32','2015-03-29',1),(120,'2015-03-02 10:36:32','2015-03-02 10:36:32','2015-03-30',1),(121,'2015-03-02 10:36:32','2015-03-02 10:36:32','2015-03-31',1),(122,'2015-03-02 15:32:56','2015-03-02 15:32:56','2015-04-01',1),(123,'2015-03-02 15:32:56','2015-03-02 15:32:56','2015-04-02',1),(124,'2015-03-02 15:32:56','2015-03-02 15:32:56','2015-04-03',1),(125,'2015-03-02 15:32:56','2015-03-02 15:32:56','2015-04-04',1),(126,'2015-03-02 15:32:56','2015-03-02 15:32:56','2015-04-05',1),(127,'2015-03-02 15:32:56','2015-03-02 15:32:56','2015-04-06',1),(128,'2015-03-02 15:32:56','2015-03-02 15:32:56','2015-04-07',1),(129,'2015-03-02 15:32:56','2015-03-02 15:32:56','2015-04-08',1),(130,'2015-03-02 15:32:56','2015-03-02 15:32:56','2015-04-09',1),(131,'2015-03-02 15:32:56','2015-03-02 15:32:56','2015-04-10',1),(132,'2015-03-02 15:32:56','2015-03-02 15:32:56','2015-04-11',1),(133,'2015-03-02 15:32:56','2015-03-02 15:32:56','2015-04-12',1),(134,'2015-03-02 15:32:56','2015-03-02 15:32:56','2015-04-13',1),(135,'2015-03-02 15:32:57','2015-03-02 15:32:57','2015-04-14',1),(136,'2015-03-02 15:32:57','2015-03-02 15:32:57','2015-04-15',1),(137,'2015-03-02 15:32:57','2015-03-02 15:32:57','2015-04-16',1),(138,'2015-03-02 15:32:57','2015-03-02 15:32:57','2015-04-17',1),(139,'2015-03-02 15:32:57','2015-03-02 15:32:57','2015-04-18',1),(140,'2015-03-02 15:32:57','2015-03-02 15:32:57','2015-04-19',1),(141,'2015-03-02 15:32:57','2015-03-02 15:32:57','2015-04-20',1),(142,'2015-03-02 15:32:57','2015-03-02 15:32:57','2015-04-21',1),(143,'2015-03-02 15:32:57','2015-03-02 15:32:57','2015-04-22',1),(144,'2015-03-02 15:32:57','2015-03-02 15:32:57','2015-04-23',1),(145,'2015-03-02 15:32:57','2015-03-02 15:32:57','2015-04-24',1),(146,'2015-03-02 15:32:57','2015-03-02 15:32:57','2015-04-25',1),(147,'2015-03-02 15:32:57','2015-03-02 15:32:57','2015-04-26',1),(148,'2015-03-02 15:32:57','2015-03-02 15:32:57','2015-04-27',1),(149,'2015-03-02 15:32:57','2015-03-02 15:32:57','2015-04-28',1),(150,'2015-03-02 15:32:57','2015-03-02 15:32:57','2015-04-29',1),(151,'2015-03-02 15:32:57','2015-03-02 15:32:57','2015-04-30',1),(152,'2015-03-02 15:33:47','2015-03-02 15:33:47','2015-04-01',2),(153,'2015-03-02 15:33:47','2015-03-02 15:33:47','2015-04-02',3),(154,'2015-03-02 15:33:47','2015-03-02 15:33:47','2015-04-03',1),(155,'2015-03-02 15:33:48','2015-03-02 15:33:48','2015-04-04',3),(156,'2015-03-02 15:33:48','2015-03-02 15:33:48','2015-04-05',2),(157,'2015-03-02 15:33:48','2015-03-02 15:33:48','2015-04-06',1),(158,'2015-03-02 15:33:48','2015-03-02 15:33:48','2015-04-07',1),(159,'2015-03-02 15:33:48','2015-03-02 15:33:48','2015-04-08',1),(160,'2015-03-02 15:33:48','2015-03-02 15:33:48','2015-04-09',1),(161,'2015-03-02 15:33:48','2015-03-02 15:33:48','2015-04-10',1),(162,'2015-03-02 15:33:48','2015-03-02 15:33:48','2015-04-11',1),(163,'2015-03-02 15:33:48','2015-03-02 15:33:48','2015-04-12',3),(164,'2015-03-02 15:33:48','2015-03-02 15:33:48','2015-04-13',1),(165,'2015-03-02 15:33:48','2015-03-02 15:33:48','2015-04-14',1),(166,'2015-03-02 15:33:48','2015-03-02 15:33:48','2015-04-15',1),(167,'2015-03-02 15:33:48','2015-03-02 15:33:48','2015-04-16',1),(168,'2015-03-02 15:33:48','2015-03-02 15:33:48','2015-04-17',1),(169,'2015-03-02 15:33:48','2015-03-02 15:33:48','2015-04-18',3),(170,'2015-03-02 15:33:48','2015-03-02 15:33:48','2015-04-19',2),(171,'2015-03-02 15:33:48','2015-03-02 15:33:48','2015-04-20',1),(172,'2015-03-02 15:33:48','2015-03-02 15:33:48','2015-04-21',1),(173,'2015-03-02 15:33:48','2015-03-02 15:33:48','2015-04-22',1),(174,'2015-03-02 15:33:48','2015-03-02 15:33:48','2015-04-23',3),(175,'2015-03-02 15:33:48','2015-03-02 15:33:48','2015-04-24',2),(176,'2015-03-02 15:33:48','2015-03-02 15:33:48','2015-04-25',1),(177,'2015-03-02 15:33:48','2015-03-02 15:33:48','2015-04-26',1),(178,'2015-03-02 15:33:49','2015-03-02 15:33:49','2015-04-27',1),(179,'2015-03-02 15:33:49','2015-03-02 15:33:49','2015-04-28',1),(180,'2015-03-02 15:33:49','2015-03-02 15:33:49','2015-04-29',1),(181,'2015-03-02 15:33:49','2015-03-02 15:33:49','2015-04-30',1);
/*!40000 ALTER TABLE `guardias` ENABLE KEYS */;
UNLOCK TABLES;

--
-- Table structure for table `migrations`
--

DROP TABLE IF EXISTS `migrations`;
/*!40101 SET @saved_cs_client     = @@character_set_client */;
/*!40101 SET character_set_client = utf8 */;
CREATE TABLE `migrations` (
  `migration` varchar(255) COLLATE utf8_unicode_ci NOT NULL,
  `batch` int(11) NOT NULL
) ENGINE=InnoDB DEFAULT CHARSET=utf8 COLLATE=utf8_unicode_ci;
/*!40101 SET character_set_client = @saved_cs_client */;

--
-- Dumping data for table `migrations`
--

LOCK TABLES `migrations` WRITE;
/*!40000 ALTER TABLE `migrations` DISABLE KEYS */;
INSERT INTO `migrations` VALUES ('2014_11_05_182016_create-users-table',1),('2014_11_06_112001_create_pacientes_table',2),('2014_11_14_122220_create_presupuestos_table',3),('2014_11_18_115542_create_tratamientos_table',4),('2014_11_18_120551_create_presupuestos_tratamientos_table',5),('2014_11_18_153656_create_grupostratamientos_table',6),('2014_11_18_154217_create_grupostratamientos_tratamientos_table',6),('2014_11_19_153820_add_compania_to_pacientes_table',7),('2014_11_19_164801_create_companias_table',8),('2014_11_19_172341_add_tipo_to_tratamientos_table',9),('2014_11_19_172622_create_tipos_tratamientos_table',9),('2014_11_24_135345_create_precios_table',10),('2014_11_25_104459_add_paciente_id_to_companias_table',11),('2014_12_09_120130_add_campos_to_presupuestos_tratamientos_table',11),('2014_12_10_171929_create_profesionales_table',12),('2014_12_15_212926_add_user_to_presupuestos_table',13),('2014_12_15_220001_add_profesional_to_presupuestos_table',14),('2014_12_29_093737_add_activo_to_tratamientos_table',15),('2014_12_30_060440_add_tipostratamientos_id_to_tratamientos_table',16),('2014_12_30_060450_add_grupostratamientos_id_to_tratamientos_table',16),('2014_12_30_064514_add_remember_token_to_users_table',17),('2015_01_07_095452_create_especialidades_table',17),('2015_01_07_111839_rename_especialidad_to_especialidades_id_profesionales_table',17),('2015_01_29_093958_create_guardias_table',18),('2015_02_01_174118_presupuestos_descuento',18),('2015_02_09_160146_tratamiento_piezas',18),('2015_02_09_162306_drop_timestamps',18),('2015_02_16_180523_add_group_id_to_users',19),('2015_02_16_181501_create_usergroups_table',20),('2015_02_17_150115_elimino_tipotratamientos',21),('2015_03_02_164842_create_turnos_table',22),('2015_03_02_175509_update_turnos',23),('2015_03_03_120219_change_column_fecha_turno_turnos',24);
/*!40000 ALTER TABLE `migrations` ENABLE KEYS */;
UNLOCK TABLES;

--
-- Table structure for table `pacientes`
--

DROP TABLE IF EXISTS `pacientes`;
/*!40101 SET @saved_cs_client     = @@character_set_client */;
/*!40101 SET character_set_client = utf8 */;
CREATE TABLE `pacientes` (
  `id` int(10) unsigned NOT NULL AUTO_INCREMENT,
  `created_at` timestamp NOT NULL DEFAULT '0000-00-00 00:00:00',
  `updated_at` timestamp NOT NULL DEFAULT '0000-00-00 00:00:00',
  `votes` int(11) DEFAULT NULL,
  `numerohistoria` char(50) COLLATE utf8_unicode_ci DEFAULT NULL,
  `apellido1` char(50) COLLATE utf8_unicode_ci DEFAULT NULL,
  `apellido2` char(50) COLLATE utf8_unicode_ci DEFAULT NULL,
  `nombre` char(50) COLLATE utf8_unicode_ci DEFAULT NULL,
  `NIF` char(50) COLLATE utf8_unicode_ci DEFAULT NULL,
  `fechanacimiento` datetime DEFAULT NULL,
  `sexo` char(10) COLLATE utf8_unicode_ci DEFAULT NULL,
  `Direccion` char(50) COLLATE utf8_unicode_ci DEFAULT NULL,
  `addrnamestre` char(50) COLLATE utf8_unicode_ci DEFAULT NULL,
  `addrtel1` char(50) COLLATE utf8_unicode_ci DEFAULT NULL,
  `addrtel2` char(50) COLLATE utf8_unicode_ci DEFAULT NULL,
  `terrdesc` char(50) COLLATE utf8_unicode_ci DEFAULT NULL,
  `addrpostcode` char(50) COLLATE utf8_unicode_ci DEFAULT NULL,
  `compania` varchar(255) COLLATE utf8_unicode_ci NOT NULL,
  PRIMARY KEY (`id`),
  UNIQUE KEY `numerohistoria_UNIQUE` (`numerohistoria`)
) ENGINE=InnoDB AUTO_INCREMENT=37 DEFAULT CHARSET=utf8 COLLATE=utf8_unicode_ci;
/*!40101 SET character_set_client = @saved_cs_client */;

--
-- Dumping data for table `pacientes`
--

LOCK TABLES `pacientes` WRITE;
/*!40000 ALTER TABLE `pacientes` DISABLE KEYS */;
INSERT INTO `pacientes` VALUES (1,'2014-11-18 09:55:58','2014-11-18 09:55:58',NULL,'1199','Lucero','Delarosa','Pau','5098900n','1995-07-13 10:51:22','hembra','Praza Enrique, 467, 8º A','Carrer Díaz','699217069','933-83-4770','Zamora','65667',''),(4,'2014-11-18 09:59:03','2014-11-18 09:59:03',NULL,'3711','Mota','Olvera','Jordi','83046628r','1925-07-07 11:43:21','hembra','Plaza Cornejo, 232, 7º','Carrer Jordi','630037382','630-985378','Asturias','79434',''),(5,'2014-11-18 10:21:10','2014-11-18 10:21:10',NULL,'3071','Carrera','Pineda','Roberto','87398613w','2001-02-25 06:21:03','hembra','Paseo Nazario, 6, Ático 1º','Plaça Rodrígez','699 42 3372','+34 668-01-7629','Melilla','98391',''),(8,'2014-11-18 10:29:33','2014-11-18 10:29:33',NULL,'1777','Arevalo','Carrillo','Victor','99248058b','1986-04-07 07:13:37','hembra','Camiño Cano, 95, 68º B','Passeig Gallegos','+34 964 802293','932-178740','Toledo','73189',''),(9,'2014-11-18 10:29:48','2014-11-18 10:29:48',NULL,'6638','Cornejo','Melgar','Helena','8581320o','1958-07-14 21:49:40','hembra','Passeig Ruben, 64, 67º A','Avinguda Olivares','+34 960-19-1132','620-099802','Toledo','34415',''),(10,'2014-11-18 10:30:20','2014-11-18 10:30:20',NULL,'8750','Luevano','Expósito','Asier','35822879s','1964-11-23 14:19:11','hembra','Plaza Mateos, 104, 81º E','Calle Medrano','986 949899','953532012','Lugo','65178',''),(11,'2014-11-18 16:42:07','2014-11-18 16:42:07',NULL,'5383','Cornejo','Colunga','Leyre','21829959e','1942-01-01 00:37:49','hembra','Rúa Berta, 24, 70º D','Praza Ignacio','+34 627-41-2309','+34 917 275491','Illes Balears','37760',''),(12,'2014-11-19 13:57:26','2014-11-19 13:57:26',NULL,'7228','Paz','Gaona','Helena','43786659z','1919-10-12 06:28:54','hembra','Avinguda Santillán, 54, 72º E','Plaça Ander','+34 947519994','968-173884','Ciudad Real','40518',''),(13,'2014-12-01 07:18:14','2014-12-01 07:18:14',NULL,'2482','Valentín','Alva','Nil','3177897z','1944-07-16 09:30:35','hembra','Avinguda Padrón, 5, 70º F','Travesia Iker','619 39 3072','+34 940 37 8244','Burgos','94888',''),(14,'2014-12-01 09:56:27','2014-12-01 09:56:27',NULL,NULL,NULL,NULL,'Nilff',NULL,NULL,NULL,NULL,NULL,NULL,NULL,NULL,NULL,''),(15,'2014-12-01 09:56:44','2014-12-01 09:56:44',NULL,NULL,NULL,NULL,'Nilff',NULL,NULL,NULL,NULL,NULL,NULL,NULL,NULL,NULL,''),(16,'2014-12-04 11:08:20','2014-12-04 11:08:20',NULL,'7947','Orta','Medrano','Jaime','44369982r','1969-01-16 09:40:59','hembra','Camino Julia, 891, 1º A','Plaza Parra','975-926085','922 914959','Cádiz','22074',''),(17,'2014-12-04 16:09:52','2014-12-04 16:09:52',NULL,'3694','Rosales','Cervantes','Nayara','19231373f','1952-01-05 21:57:01','hembra','Ronda Santiago, 208, 24º D','Plaza Jesus','+34 607-37-8686','987-66-7024','Granada','73163',''),(18,'2014-12-12 08:14:18','2014-12-12 08:14:18',NULL,'6606','Blasco','Romo','Daniela','17441253h','1967-04-01 02:44:24','hembra','Plaça Francisco Javier, 9, 3º D','Plaza Nahia','+34 911-439063','+34 623-65-5071','Cantabria','26158',''),(19,'2014-12-12 14:22:45','2014-12-12 14:22:45',NULL,'3459','Sepúlveda','Sáenz','Miguel','33112706r','2006-07-10 21:39:19','hembra','Avinguda Urbina, 6, 9º F','Praza Luque','948 67 4954','697294451','La Rioja','68609',''),(20,'2014-12-15 10:14:18','2014-12-15 10:14:18',NULL,'4418','Angulo','Posada','Iker','92087831o','1931-04-26 14:10:40','hembra','Camino Ainara, 74, Entre suelo 9º','Plaça Casas','+34 975 035824','+34 945-68-6835','Murcia','60162',''),(21,'2014-12-15 12:24:17','2014-12-15 12:24:17',NULL,'5464','Montez','Henríquez','Ane','88115247z','1936-02-01 07:57:24','hembra','Camino Oliver, 68, Bajos','Calle Peña','689 658378','640693491','Tarragona','06527',''),(31,'2014-12-15 16:48:13','2014-12-15 16:48:13',NULL,'automático','','','','',NULL,'',NULL,'','','','','','1'),(33,'2014-12-15 16:49:36','2014-12-15 16:49:36',NULL,'nuevo_23233','Sánchez','adthsfng','Mercedes','sdffbgsdb',NULL,'hembra',NULL,'caMINO','649711306','649711306','Málaga','29004','19'),(35,'2014-12-15 16:52:13','2014-12-15 16:52:13',NULL,'nuevo_23233sdfth','Sánchez','adthsfng','Mercedes','sdffbgsdb',NULL,'hembra',NULL,'caMINO','649711306','649711306','Málaga','29004','19'),(36,'2014-12-16 13:45:29','2014-12-16 13:45:29',NULL,'0','Flórez','Vega','Anna','3295201w','1954-05-28 04:12:51','hembra','Travesia Manuel, 603, Entre suelo 1º','Ruela Domingo','654-951347','+34 959031936','Cantabria','05633','');
/*!40000 ALTER TABLE `pacientes` ENABLE KEYS */;
UNLOCK TABLES;

--
-- Table structure for table `precios`
--

DROP TABLE IF EXISTS `precios`;
/*!40101 SET @saved_cs_client     = @@character_set_client */;
/*!40101 SET character_set_client = utf8 */;
CREATE TABLE `precios` (
  `created_at` timestamp NOT NULL DEFAULT '0000-00-00 00:00:00',
  `updated_at` timestamp NOT NULL DEFAULT '0000-00-00 00:00:00',
  `id` int(10) unsigned NOT NULL AUTO_INCREMENT,
  `tratamientos_id` int(11) NOT NULL,
  `companias_id` int(11) NOT NULL,
  `precio` float(8,2) NOT NULL,
  PRIMARY KEY (`id`)
) ENGINE=InnoDB AUTO_INCREMENT=1086 DEFAULT CHARSET=utf8 COLLATE=utf8_unicode_ci;
/*!40101 SET character_set_client = @saved_cs_client */;

--
-- Dumping data for table `precios`
--

LOCK TABLES `precios` WRITE;
/*!40000 ALTER TABLE `precios` DISABLE KEYS */;
INSERT INTO `precios` VALUES ('0000-00-00 00:00:00','0000-00-00 00:00:00',1,1,1,0.00),('0000-00-00 00:00:00','0000-00-00 00:00:00',2,1,2,0.00),('0000-00-00 00:00:00','0000-00-00 00:00:00',3,1,3,0.00),('0000-00-00 00:00:00','0000-00-00 00:00:00',4,1,4,0.00),('0000-00-00 00:00:00','0000-00-00 00:00:00',5,1,5,0.00),('0000-00-00 00:00:00','0000-00-00 00:00:00',6,1,6,0.00),('0000-00-00 00:00:00','0000-00-00 00:00:00',7,1,7,0.00),('0000-00-00 00:00:00','0000-00-00 00:00:00',8,2,1,0.00),('0000-00-00 00:00:00','0000-00-00 00:00:00',9,2,2,0.00),('0000-00-00 00:00:00','0000-00-00 00:00:00',10,2,3,0.00),('0000-00-00 00:00:00','0000-00-00 00:00:00',11,2,4,0.00),('0000-00-00 00:00:00','0000-00-00 00:00:00',12,2,5,0.00),('0000-00-00 00:00:00','0000-00-00 00:00:00',13,2,6,0.00),('0000-00-00 00:00:00','0000-00-00 00:00:00',14,2,7,0.00),('0000-00-00 00:00:00','0000-00-00 00:00:00',22,4,1,0.00),('0000-00-00 00:00:00','0000-00-00 00:00:00',23,4,2,0.00),('0000-00-00 00:00:00','0000-00-00 00:00:00',24,4,3,0.00),('0000-00-00 00:00:00','0000-00-00 00:00:00',25,4,4,0.00),('0000-00-00 00:00:00','0000-00-00 00:00:00',26,4,5,0.00),('0000-00-00 00:00:00','0000-00-00 00:00:00',27,4,6,0.00),('0000-00-00 00:00:00','0000-00-00 00:00:00',28,4,7,0.00),('0000-00-00 00:00:00','0000-00-00 00:00:00',29,5,1,43.00),('0000-00-00 00:00:00','0000-00-00 00:00:00',30,5,2,0.00),('0000-00-00 00:00:00','0000-00-00 00:00:00',31,5,3,30.00),('0000-00-00 00:00:00','0000-00-00 00:00:00',32,5,4,0.00),('0000-00-00 00:00:00','0000-00-00 00:00:00',33,5,5,29.00),('0000-00-00 00:00:00','0000-00-00 00:00:00',34,5,6,0.00),('0000-00-00 00:00:00','0000-00-00 00:00:00',35,5,7,0.00),('0000-00-00 00:00:00','0000-00-00 00:00:00',36,6,1,43.00),('0000-00-00 00:00:00','0000-00-00 00:00:00',37,6,2,0.00),('0000-00-00 00:00:00','0000-00-00 00:00:00',38,6,3,30.00),('0000-00-00 00:00:00','0000-00-00 00:00:00',39,6,4,0.00),('0000-00-00 00:00:00','0000-00-00 00:00:00',40,6,5,29.00),('0000-00-00 00:00:00','0000-00-00 00:00:00',41,6,6,0.00),('0000-00-00 00:00:00','0000-00-00 00:00:00',42,6,7,0.00),('0000-00-00 00:00:00','0000-00-00 00:00:00',43,7,1,0.00),('0000-00-00 00:00:00','0000-00-00 00:00:00',44,7,2,0.00),('0000-00-00 00:00:00','0000-00-00 00:00:00',45,7,3,0.00),('0000-00-00 00:00:00','0000-00-00 00:00:00',46,7,4,0.00),('0000-00-00 00:00:00','0000-00-00 00:00:00',47,7,5,0.00),('0000-00-00 00:00:00','0000-00-00 00:00:00',48,7,6,0.00),('0000-00-00 00:00:00','0000-00-00 00:00:00',49,7,7,0.00),('0000-00-00 00:00:00','0000-00-00 00:00:00',50,8,1,60.00),('0000-00-00 00:00:00','0000-00-00 00:00:00',51,8,2,50.00),('0000-00-00 00:00:00','0000-00-00 00:00:00',52,8,3,18.00),('0000-00-00 00:00:00','0000-00-00 00:00:00',53,8,4,0.00),('0000-00-00 00:00:00','0000-00-00 00:00:00',54,8,5,0.00),('0000-00-00 00:00:00','0000-00-00 00:00:00',55,8,6,0.00),('0000-00-00 00:00:00','0000-00-00 00:00:00',56,8,7,0.00),('0000-00-00 00:00:00','0000-00-00 00:00:00',57,9,1,24.00),('0000-00-00 00:00:00','0000-00-00 00:00:00',58,9,2,20.00),('0000-00-00 00:00:00','0000-00-00 00:00:00',59,9,3,30.00),('0000-00-00 00:00:00','0000-00-00 00:00:00',60,9,4,0.00),('0000-00-00 00:00:00','0000-00-00 00:00:00',61,9,5,0.00),('0000-00-00 00:00:00','0000-00-00 00:00:00',62,9,6,0.00),('0000-00-00 00:00:00','0000-00-00 00:00:00',63,9,7,0.00),('0000-00-00 00:00:00','0000-00-00 00:00:00',64,10,1,24.00),('0000-00-00 00:00:00','0000-00-00 00:00:00',65,10,2,20.00),('0000-00-00 00:00:00','0000-00-00 00:00:00',66,10,3,30.00),('0000-00-00 00:00:00','0000-00-00 00:00:00',67,10,4,0.00),('0000-00-00 00:00:00','0000-00-00 00:00:00',68,10,5,0.00),('0000-00-00 00:00:00','0000-00-00 00:00:00',69,10,6,0.00),('0000-00-00 00:00:00','0000-00-00 00:00:00',70,10,7,0.00),('0000-00-00 00:00:00','0000-00-00 00:00:00',71,11,1,90.00),('0000-00-00 00:00:00','0000-00-00 00:00:00',72,11,2,72.00),('0000-00-00 00:00:00','0000-00-00 00:00:00',73,11,3,69.00),('0000-00-00 00:00:00','0000-00-00 00:00:00',74,11,4,72.00),('0000-00-00 00:00:00','0000-00-00 00:00:00',75,11,5,72.00),('0000-00-00 00:00:00','0000-00-00 00:00:00',76,11,6,72.00),('0000-00-00 00:00:00','0000-00-00 00:00:00',77,11,7,72.00),('0000-00-00 00:00:00','0000-00-00 00:00:00',78,12,1,70.00),('0000-00-00 00:00:00','0000-00-00 00:00:00',79,12,2,56.00),('0000-00-00 00:00:00','0000-00-00 00:00:00',80,12,3,49.00),('0000-00-00 00:00:00','0000-00-00 00:00:00',81,12,4,0.00),('0000-00-00 00:00:00','0000-00-00 00:00:00',82,12,5,51.00),('0000-00-00 00:00:00','0000-00-00 00:00:00',83,12,6,44.00),('0000-00-00 00:00:00','0000-00-00 00:00:00',84,12,7,40.00),('0000-00-00 00:00:00','0000-00-00 00:00:00',85,13,1,176.00),('0000-00-00 00:00:00','0000-00-00 00:00:00',86,13,2,140.00),('0000-00-00 00:00:00','0000-00-00 00:00:00',87,13,3,123.00),('0000-00-00 00:00:00','0000-00-00 00:00:00',88,13,4,0.00),('0000-00-00 00:00:00','0000-00-00 00:00:00',89,13,5,90.00),('0000-00-00 00:00:00','0000-00-00 00:00:00',90,13,6,70.00),('0000-00-00 00:00:00','0000-00-00 00:00:00',91,13,7,56.00),('0000-00-00 00:00:00','0000-00-00 00:00:00',92,14,1,176.00),('0000-00-00 00:00:00','0000-00-00 00:00:00',93,14,2,140.00),('0000-00-00 00:00:00','0000-00-00 00:00:00',94,14,3,123.00),('0000-00-00 00:00:00','0000-00-00 00:00:00',95,14,4,0.00),('0000-00-00 00:00:00','0000-00-00 00:00:00',96,14,5,135.00),('0000-00-00 00:00:00','0000-00-00 00:00:00',97,14,6,116.00),('0000-00-00 00:00:00','0000-00-00 00:00:00',98,14,7,100.00),('0000-00-00 00:00:00','0000-00-00 00:00:00',99,15,1,120.00),('0000-00-00 00:00:00','0000-00-00 00:00:00',100,15,2,96.00),('0000-00-00 00:00:00','0000-00-00 00:00:00',101,15,3,84.00),('0000-00-00 00:00:00','0000-00-00 00:00:00',102,15,4,0.00),('0000-00-00 00:00:00','0000-00-00 00:00:00',103,15,5,56.00),('0000-00-00 00:00:00','0000-00-00 00:00:00',104,15,6,47.00),('0000-00-00 00:00:00','0000-00-00 00:00:00',105,15,7,40.00),('0000-00-00 00:00:00','0000-00-00 00:00:00',106,16,1,0.00),('0000-00-00 00:00:00','0000-00-00 00:00:00',107,16,2,0.00),('0000-00-00 00:00:00','0000-00-00 00:00:00',108,16,3,0.00),('0000-00-00 00:00:00','0000-00-00 00:00:00',109,16,4,0.00),('0000-00-00 00:00:00','0000-00-00 00:00:00',110,16,5,0.00),('0000-00-00 00:00:00','0000-00-00 00:00:00',111,16,6,0.00),('0000-00-00 00:00:00','0000-00-00 00:00:00',112,16,7,0.00),('0000-00-00 00:00:00','0000-00-00 00:00:00',113,17,1,36.00),('0000-00-00 00:00:00','0000-00-00 00:00:00',114,17,2,30.00),('0000-00-00 00:00:00','0000-00-00 00:00:00',115,17,3,27.00),('0000-00-00 00:00:00','0000-00-00 00:00:00',116,17,4,30.00),('0000-00-00 00:00:00','0000-00-00 00:00:00',117,17,5,37.00),('0000-00-00 00:00:00','0000-00-00 00:00:00',118,17,6,32.00),('0000-00-00 00:00:00','0000-00-00 00:00:00',119,17,7,28.00),('0000-00-00 00:00:00','0000-00-00 00:00:00',120,18,1,60.00),('0000-00-00 00:00:00','0000-00-00 00:00:00',121,18,2,50.00),('0000-00-00 00:00:00','0000-00-00 00:00:00',122,18,3,45.00),('0000-00-00 00:00:00','0000-00-00 00:00:00',123,18,4,45.00),('0000-00-00 00:00:00','0000-00-00 00:00:00',124,18,5,56.00),('0000-00-00 00:00:00','0000-00-00 00:00:00',125,18,6,42.00),('0000-00-00 00:00:00','0000-00-00 00:00:00',126,18,7,40.00),('0000-00-00 00:00:00','0000-00-00 00:00:00',127,19,1,60.00),('0000-00-00 00:00:00','0000-00-00 00:00:00',128,19,2,50.00),('0000-00-00 00:00:00','0000-00-00 00:00:00',129,19,3,45.00),('0000-00-00 00:00:00','0000-00-00 00:00:00',130,19,4,0.00),('0000-00-00 00:00:00','0000-00-00 00:00:00',131,19,5,50.00),('0000-00-00 00:00:00','0000-00-00 00:00:00',132,19,6,50.00),('0000-00-00 00:00:00','0000-00-00 00:00:00',133,19,7,50.00),('0000-00-00 00:00:00','0000-00-00 00:00:00',134,20,1,78.00),('0000-00-00 00:00:00','0000-00-00 00:00:00',135,20,2,65.00),('0000-00-00 00:00:00','0000-00-00 00:00:00',136,20,3,59.00),('0000-00-00 00:00:00','0000-00-00 00:00:00',137,20,4,51.00),('0000-00-00 00:00:00','0000-00-00 00:00:00',138,20,5,67.00),('0000-00-00 00:00:00','0000-00-00 00:00:00',139,20,6,51.00),('0000-00-00 00:00:00','0000-00-00 00:00:00',140,20,7,50.00),('0000-00-00 00:00:00','0000-00-00 00:00:00',141,21,1,78.00),('0000-00-00 00:00:00','0000-00-00 00:00:00',142,21,2,65.00),('0000-00-00 00:00:00','0000-00-00 00:00:00',143,21,3,59.00),('0000-00-00 00:00:00','0000-00-00 00:00:00',144,21,4,0.00),('0000-00-00 00:00:00','0000-00-00 00:00:00',145,21,5,65.00),('0000-00-00 00:00:00','0000-00-00 00:00:00',146,21,6,65.00),('0000-00-00 00:00:00','0000-00-00 00:00:00',147,21,7,0.00),('0000-00-00 00:00:00','0000-00-00 00:00:00',148,22,1,0.00),('0000-00-00 00:00:00','0000-00-00 00:00:00',149,22,2,0.00),('0000-00-00 00:00:00','0000-00-00 00:00:00',150,22,3,0.00),('0000-00-00 00:00:00','0000-00-00 00:00:00',151,22,4,0.00),('0000-00-00 00:00:00','0000-00-00 00:00:00',152,22,5,0.00),('0000-00-00 00:00:00','0000-00-00 00:00:00',153,22,6,0.00),('0000-00-00 00:00:00','0000-00-00 00:00:00',154,22,7,0.00),('0000-00-00 00:00:00','0000-00-00 00:00:00',155,23,1,60.00),('0000-00-00 00:00:00','0000-00-00 00:00:00',156,23,2,50.00),('0000-00-00 00:00:00','0000-00-00 00:00:00',157,23,3,45.00),('0000-00-00 00:00:00','0000-00-00 00:00:00',158,23,4,45.00),('0000-00-00 00:00:00','0000-00-00 00:00:00',159,23,5,36.00),('0000-00-00 00:00:00','0000-00-00 00:00:00',160,23,6,45.00),('0000-00-00 00:00:00','0000-00-00 00:00:00',161,23,7,45.00),('0000-00-00 00:00:00','0000-00-00 00:00:00',162,24,1,117.00),('0000-00-00 00:00:00','0000-00-00 00:00:00',163,24,2,99.00),('0000-00-00 00:00:00','0000-00-00 00:00:00',164,24,3,90.00),('0000-00-00 00:00:00','0000-00-00 00:00:00',165,24,4,90.00),('0000-00-00 00:00:00','0000-00-00 00:00:00',166,24,5,87.00),('0000-00-00 00:00:00','0000-00-00 00:00:00',167,24,6,69.00),('0000-00-00 00:00:00','0000-00-00 00:00:00',168,24,7,65.00),('0000-00-00 00:00:00','0000-00-00 00:00:00',169,25,1,156.00),('0000-00-00 00:00:00','0000-00-00 00:00:00',170,25,2,132.00),('0000-00-00 00:00:00','0000-00-00 00:00:00',171,25,3,120.00),('0000-00-00 00:00:00','0000-00-00 00:00:00',172,25,4,90.00),('0000-00-00 00:00:00','0000-00-00 00:00:00',173,25,5,112.00),('0000-00-00 00:00:00','0000-00-00 00:00:00',174,25,6,82.00),('0000-00-00 00:00:00','0000-00-00 00:00:00',175,25,7,80.00),('0000-00-00 00:00:00','0000-00-00 00:00:00',176,26,1,195.00),('0000-00-00 00:00:00','0000-00-00 00:00:00',177,26,2,165.00),('0000-00-00 00:00:00','0000-00-00 00:00:00',178,26,3,150.00),('0000-00-00 00:00:00','0000-00-00 00:00:00',179,26,4,125.00),('0000-00-00 00:00:00','0000-00-00 00:00:00',180,26,5,143.00),('0000-00-00 00:00:00','0000-00-00 00:00:00',181,26,6,108.00),('0000-00-00 00:00:00','0000-00-00 00:00:00',182,26,7,100.00),('0000-00-00 00:00:00','0000-00-00 00:00:00',183,27,1,143.00),('0000-00-00 00:00:00','0000-00-00 00:00:00',184,27,2,121.00),('0000-00-00 00:00:00','0000-00-00 00:00:00',185,27,3,110.00),('0000-00-00 00:00:00','0000-00-00 00:00:00',186,27,4,100.00),('0000-00-00 00:00:00','0000-00-00 00:00:00',187,27,5,94.00),('0000-00-00 00:00:00','0000-00-00 00:00:00',188,27,6,121.00),('0000-00-00 00:00:00','0000-00-00 00:00:00',189,27,7,95.00),('0000-00-00 00:00:00','0000-00-00 00:00:00',190,28,1,182.00),('0000-00-00 00:00:00','0000-00-00 00:00:00',191,28,2,154.00),('0000-00-00 00:00:00','0000-00-00 00:00:00',192,28,3,140.00),('0000-00-00 00:00:00','0000-00-00 00:00:00',193,28,4,100.00),('0000-00-00 00:00:00','0000-00-00 00:00:00',194,28,5,126.00),('0000-00-00 00:00:00','0000-00-00 00:00:00',195,28,6,154.00),('0000-00-00 00:00:00','0000-00-00 00:00:00',196,28,7,110.00),('0000-00-00 00:00:00','0000-00-00 00:00:00',197,29,1,208.00),('0000-00-00 00:00:00','0000-00-00 00:00:00',198,29,2,176.00),('0000-00-00 00:00:00','0000-00-00 00:00:00',199,29,3,160.00),('0000-00-00 00:00:00','0000-00-00 00:00:00',200,29,4,140.00),('0000-00-00 00:00:00','0000-00-00 00:00:00',201,29,5,148.00),('0000-00-00 00:00:00','0000-00-00 00:00:00',202,29,6,176.00),('0000-00-00 00:00:00','0000-00-00 00:00:00',203,29,7,130.00),('0000-00-00 00:00:00','0000-00-00 00:00:00',204,30,1,0.00),('0000-00-00 00:00:00','0000-00-00 00:00:00',205,30,2,0.00),('0000-00-00 00:00:00','0000-00-00 00:00:00',206,30,3,0.00),('0000-00-00 00:00:00','0000-00-00 00:00:00',207,30,4,0.00),('0000-00-00 00:00:00','0000-00-00 00:00:00',208,30,5,0.00),('0000-00-00 00:00:00','0000-00-00 00:00:00',209,30,6,0.00),('0000-00-00 00:00:00','0000-00-00 00:00:00',210,30,7,0.00),('0000-00-00 00:00:00','0000-00-00 00:00:00',211,31,1,45.00),('0000-00-00 00:00:00','0000-00-00 00:00:00',212,31,2,36.00),('0000-00-00 00:00:00','0000-00-00 00:00:00',213,31,3,32.00),('0000-00-00 00:00:00','0000-00-00 00:00:00',214,31,4,0.00),('0000-00-00 00:00:00','0000-00-00 00:00:00',215,31,5,0.00),('0000-00-00 00:00:00','0000-00-00 00:00:00',216,31,6,0.00),('0000-00-00 00:00:00','0000-00-00 00:00:00',217,31,7,0.00),('0000-00-00 00:00:00','0000-00-00 00:00:00',218,32,1,75.00),('0000-00-00 00:00:00','0000-00-00 00:00:00',219,32,2,60.00),('0000-00-00 00:00:00','0000-00-00 00:00:00',220,32,3,53.00),('0000-00-00 00:00:00','0000-00-00 00:00:00',221,32,4,0.00),('0000-00-00 00:00:00','0000-00-00 00:00:00',222,32,5,38.00),('0000-00-00 00:00:00','0000-00-00 00:00:00',223,32,6,0.00),('0000-00-00 00:00:00','0000-00-00 00:00:00',224,32,7,0.00),('0000-00-00 00:00:00','0000-00-00 00:00:00',225,33,1,45.00),('0000-00-00 00:00:00','0000-00-00 00:00:00',226,33,2,36.00),('0000-00-00 00:00:00','0000-00-00 00:00:00',227,33,3,32.00),('0000-00-00 00:00:00','0000-00-00 00:00:00',228,33,4,0.00),('0000-00-00 00:00:00','0000-00-00 00:00:00',229,33,5,34.00),('0000-00-00 00:00:00','0000-00-00 00:00:00',230,33,6,0.00),('0000-00-00 00:00:00','0000-00-00 00:00:00',231,33,7,60.00),('0000-00-00 00:00:00','0000-00-00 00:00:00',232,34,1,150.00),('0000-00-00 00:00:00','0000-00-00 00:00:00',233,34,2,120.00),('0000-00-00 00:00:00','0000-00-00 00:00:00',234,34,3,105.00),('0000-00-00 00:00:00','0000-00-00 00:00:00',235,34,4,0.00),('0000-00-00 00:00:00','0000-00-00 00:00:00',236,34,5,51.00),('0000-00-00 00:00:00','0000-00-00 00:00:00',237,34,6,0.00),('0000-00-00 00:00:00','0000-00-00 00:00:00',238,34,7,0.00),('0000-00-00 00:00:00','0000-00-00 00:00:00',239,35,1,250.00),('0000-00-00 00:00:00','0000-00-00 00:00:00',240,35,2,200.00),('0000-00-00 00:00:00','0000-00-00 00:00:00',241,35,3,175.00),('0000-00-00 00:00:00','0000-00-00 00:00:00',242,35,4,0.00),('0000-00-00 00:00:00','0000-00-00 00:00:00',243,35,5,116.00),('0000-00-00 00:00:00','0000-00-00 00:00:00',244,35,6,0.00),('0000-00-00 00:00:00','0000-00-00 00:00:00',245,35,7,0.00),('0000-00-00 00:00:00','0000-00-00 00:00:00',246,36,1,155.00),('0000-00-00 00:00:00','0000-00-00 00:00:00',247,36,2,131.00),('0000-00-00 00:00:00','0000-00-00 00:00:00',248,36,3,119.00),('0000-00-00 00:00:00','0000-00-00 00:00:00',249,36,4,0.00),('0000-00-00 00:00:00','0000-00-00 00:00:00',250,36,5,84.00),('0000-00-00 00:00:00','0000-00-00 00:00:00',251,36,6,70.00),('0000-00-00 00:00:00','0000-00-00 00:00:00',252,36,7,80.00),('0000-00-00 00:00:00','0000-00-00 00:00:00',253,37,1,75.00),('0000-00-00 00:00:00','0000-00-00 00:00:00',254,37,2,60.00),('0000-00-00 00:00:00','0000-00-00 00:00:00',255,37,3,53.00),('0000-00-00 00:00:00','0000-00-00 00:00:00',256,37,4,0.00),('0000-00-00 00:00:00','0000-00-00 00:00:00',257,37,5,119.00),('0000-00-00 00:00:00','0000-00-00 00:00:00',258,37,6,0.00),('0000-00-00 00:00:00','0000-00-00 00:00:00',259,37,7,75.00),('0000-00-00 00:00:00','0000-00-00 00:00:00',260,38,1,0.00),('0000-00-00 00:00:00','0000-00-00 00:00:00',261,38,2,0.00),('0000-00-00 00:00:00','0000-00-00 00:00:00',262,38,3,0.00),('0000-00-00 00:00:00','0000-00-00 00:00:00',263,38,4,0.00),('0000-00-00 00:00:00','0000-00-00 00:00:00',264,38,5,0.00),('0000-00-00 00:00:00','0000-00-00 00:00:00',265,38,6,0.00),('0000-00-00 00:00:00','0000-00-00 00:00:00',266,38,7,0.00),('0000-00-00 00:00:00','0000-00-00 00:00:00',267,39,1,80.00),('0000-00-00 00:00:00','0000-00-00 00:00:00',268,39,2,64.00),('0000-00-00 00:00:00','0000-00-00 00:00:00',269,39,3,56.00),('0000-00-00 00:00:00','0000-00-00 00:00:00',270,39,4,0.00),('0000-00-00 00:00:00','0000-00-00 00:00:00',271,39,5,42.00),('0000-00-00 00:00:00','0000-00-00 00:00:00',272,39,6,0.00),('0000-00-00 00:00:00','0000-00-00 00:00:00',273,39,7,45.00),('0000-00-00 00:00:00','0000-00-00 00:00:00',274,40,1,11.00),('0000-00-00 00:00:00','0000-00-00 00:00:00',275,40,2,9.00),('0000-00-00 00:00:00','0000-00-00 00:00:00',276,40,3,8.00),('0000-00-00 00:00:00','0000-00-00 00:00:00',277,40,4,9.00),('0000-00-00 00:00:00','0000-00-00 00:00:00',278,40,5,0.00),('0000-00-00 00:00:00','0000-00-00 00:00:00',279,40,6,0.00),('0000-00-00 00:00:00','0000-00-00 00:00:00',280,40,7,0.00),('0000-00-00 00:00:00','0000-00-00 00:00:00',281,41,1,80.00),('0000-00-00 00:00:00','0000-00-00 00:00:00',282,41,2,64.00),('0000-00-00 00:00:00','0000-00-00 00:00:00',283,41,3,56.00),('0000-00-00 00:00:00','0000-00-00 00:00:00',284,41,4,64.00),('0000-00-00 00:00:00','0000-00-00 00:00:00',285,41,5,65.00),('0000-00-00 00:00:00','0000-00-00 00:00:00',286,41,6,50.00),('0000-00-00 00:00:00','0000-00-00 00:00:00',287,41,7,50.00),('0000-00-00 00:00:00','0000-00-00 00:00:00',288,42,1,90.00),('0000-00-00 00:00:00','0000-00-00 00:00:00',289,42,2,72.00),('0000-00-00 00:00:00','0000-00-00 00:00:00',290,42,3,63.00),('0000-00-00 00:00:00','0000-00-00 00:00:00',291,42,4,0.00),('0000-00-00 00:00:00','0000-00-00 00:00:00',292,42,5,65.00),('0000-00-00 00:00:00','0000-00-00 00:00:00',293,42,6,51.00),('0000-00-00 00:00:00','0000-00-00 00:00:00',294,42,7,50.00),('0000-00-00 00:00:00','0000-00-00 00:00:00',295,43,1,30.00),('0000-00-00 00:00:00','0000-00-00 00:00:00',296,43,2,24.00),('0000-00-00 00:00:00','0000-00-00 00:00:00',297,43,3,21.00),('0000-00-00 00:00:00','0000-00-00 00:00:00',298,43,4,0.00),('0000-00-00 00:00:00','0000-00-00 00:00:00',299,43,5,24.00),('0000-00-00 00:00:00','0000-00-00 00:00:00',300,43,6,24.00),('0000-00-00 00:00:00','0000-00-00 00:00:00',301,43,7,24.00),('0000-00-00 00:00:00','0000-00-00 00:00:00',302,44,1,90.00),('0000-00-00 00:00:00','0000-00-00 00:00:00',303,44,2,72.00),('0000-00-00 00:00:00','0000-00-00 00:00:00',304,44,3,63.00),('0000-00-00 00:00:00','0000-00-00 00:00:00',305,44,4,18.00),('0000-00-00 00:00:00','0000-00-00 00:00:00',306,44,5,30.00),('0000-00-00 00:00:00','0000-00-00 00:00:00',307,44,6,25.00),('0000-00-00 00:00:00','0000-00-00 00:00:00',308,44,7,25.00),('0000-00-00 00:00:00','0000-00-00 00:00:00',309,45,1,50.00),('0000-00-00 00:00:00','0000-00-00 00:00:00',310,45,2,40.00),('0000-00-00 00:00:00','0000-00-00 00:00:00',311,45,3,35.00),('0000-00-00 00:00:00','0000-00-00 00:00:00',312,45,4,30.00),('0000-00-00 00:00:00','0000-00-00 00:00:00',313,45,5,0.00),('0000-00-00 00:00:00','0000-00-00 00:00:00',314,45,6,0.00),('0000-00-00 00:00:00','0000-00-00 00:00:00',315,45,7,80.00),('0000-00-00 00:00:00','0000-00-00 00:00:00',316,46,1,0.00),('0000-00-00 00:00:00','0000-00-00 00:00:00',317,46,2,0.00),('0000-00-00 00:00:00','0000-00-00 00:00:00',318,46,3,0.00),('0000-00-00 00:00:00','0000-00-00 00:00:00',319,46,4,0.00),('0000-00-00 00:00:00','0000-00-00 00:00:00',320,46,5,264.00),('0000-00-00 00:00:00','0000-00-00 00:00:00',321,46,6,183.00),('0000-00-00 00:00:00','0000-00-00 00:00:00',322,46,7,225.00),('0000-00-00 00:00:00','0000-00-00 00:00:00',323,47,1,0.00),('0000-00-00 00:00:00','0000-00-00 00:00:00',324,47,2,0.00),('0000-00-00 00:00:00','0000-00-00 00:00:00',325,47,3,0.00),('0000-00-00 00:00:00','0000-00-00 00:00:00',326,47,4,0.00),('0000-00-00 00:00:00','0000-00-00 00:00:00',327,47,5,149.00),('0000-00-00 00:00:00','0000-00-00 00:00:00',328,47,6,121.00),('0000-00-00 00:00:00','0000-00-00 00:00:00',329,47,7,200.00),('0000-00-00 00:00:00','0000-00-00 00:00:00',330,48,1,0.00),('0000-00-00 00:00:00','0000-00-00 00:00:00',331,48,2,0.00),('0000-00-00 00:00:00','0000-00-00 00:00:00',332,48,3,0.00),('0000-00-00 00:00:00','0000-00-00 00:00:00',333,48,4,0.00),('0000-00-00 00:00:00','0000-00-00 00:00:00',334,48,5,0.00),('0000-00-00 00:00:00','0000-00-00 00:00:00',335,48,6,0.00),('0000-00-00 00:00:00','0000-00-00 00:00:00',336,48,7,0.00),('0000-00-00 00:00:00','0000-00-00 00:00:00',337,49,1,0.00),('0000-00-00 00:00:00','0000-00-00 00:00:00',338,49,2,0.00),('0000-00-00 00:00:00','0000-00-00 00:00:00',339,49,3,0.00),('0000-00-00 00:00:00','0000-00-00 00:00:00',340,49,4,0.00),('0000-00-00 00:00:00','0000-00-00 00:00:00',341,49,5,0.00),('0000-00-00 00:00:00','0000-00-00 00:00:00',342,49,6,0.00),('0000-00-00 00:00:00','0000-00-00 00:00:00',343,49,7,0.00),('0000-00-00 00:00:00','0000-00-00 00:00:00',344,50,1,600.00),('0000-00-00 00:00:00','0000-00-00 00:00:00',345,50,2,480.00),('0000-00-00 00:00:00','0000-00-00 00:00:00',346,50,3,420.00),('0000-00-00 00:00:00','0000-00-00 00:00:00',347,50,4,400.00),('0000-00-00 00:00:00','0000-00-00 00:00:00',348,50,5,345.00),('0000-00-00 00:00:00','0000-00-00 00:00:00',349,50,6,273.00),('0000-00-00 00:00:00','0000-00-00 00:00:00',350,50,7,290.00),('0000-00-00 00:00:00','0000-00-00 00:00:00',351,51,1,322.00),('0000-00-00 00:00:00','0000-00-00 00:00:00',352,51,2,258.00),('0000-00-00 00:00:00','0000-00-00 00:00:00',353,51,3,226.00),('0000-00-00 00:00:00','0000-00-00 00:00:00',354,51,4,350.00),('0000-00-00 00:00:00','0000-00-00 00:00:00',355,51,5,276.00),('0000-00-00 00:00:00','0000-00-00 00:00:00',356,51,6,211.00),('0000-00-00 00:00:00','0000-00-00 00:00:00',357,51,7,215.00),('0000-00-00 00:00:00','0000-00-00 00:00:00',358,52,1,380.00),('0000-00-00 00:00:00','0000-00-00 00:00:00',359,52,2,305.00),('0000-00-00 00:00:00','0000-00-00 00:00:00',360,52,3,266.00),('0000-00-00 00:00:00','0000-00-00 00:00:00',361,52,4,365.00),('0000-00-00 00:00:00','0000-00-00 00:00:00',362,52,5,316.00),('0000-00-00 00:00:00','0000-00-00 00:00:00',363,52,6,235.00),('0000-00-00 00:00:00','0000-00-00 00:00:00',364,52,7,250.00),('0000-00-00 00:00:00','0000-00-00 00:00:00',365,53,1,362.00),('0000-00-00 00:00:00','0000-00-00 00:00:00',366,53,2,290.00),('0000-00-00 00:00:00','0000-00-00 00:00:00',367,53,3,254.00),('0000-00-00 00:00:00','0000-00-00 00:00:00',368,53,4,175.00),('0000-00-00 00:00:00','0000-00-00 00:00:00',369,53,5,287.00),('0000-00-00 00:00:00','0000-00-00 00:00:00',370,53,6,223.00),('0000-00-00 00:00:00','0000-00-00 00:00:00',371,53,7,210.00),('0000-00-00 00:00:00','0000-00-00 00:00:00',372,54,1,52.00),('0000-00-00 00:00:00','0000-00-00 00:00:00',373,54,2,42.00),('0000-00-00 00:00:00','0000-00-00 00:00:00',374,54,3,37.00),('0000-00-00 00:00:00','0000-00-00 00:00:00',375,54,4,32.00),('0000-00-00 00:00:00','0000-00-00 00:00:00',376,54,5,43.00),('0000-00-00 00:00:00','0000-00-00 00:00:00',377,54,6,32.00),('0000-00-00 00:00:00','0000-00-00 00:00:00',378,54,7,38.00),('0000-00-00 00:00:00','0000-00-00 00:00:00',379,55,1,88.00),('0000-00-00 00:00:00','0000-00-00 00:00:00',380,55,2,71.00),('0000-00-00 00:00:00','0000-00-00 00:00:00',381,55,3,62.00),('0000-00-00 00:00:00','0000-00-00 00:00:00',382,55,4,36.00),('0000-00-00 00:00:00','0000-00-00 00:00:00',383,55,5,47.00),('0000-00-00 00:00:00','0000-00-00 00:00:00',384,55,6,32.00),('0000-00-00 00:00:00','0000-00-00 00:00:00',385,55,7,35.00),('0000-00-00 00:00:00','0000-00-00 00:00:00',386,56,1,110.00),('0000-00-00 00:00:00','0000-00-00 00:00:00',387,56,2,88.00),('0000-00-00 00:00:00','0000-00-00 00:00:00',388,56,3,77.00),('0000-00-00 00:00:00','0000-00-00 00:00:00',389,56,4,58.00),('0000-00-00 00:00:00','0000-00-00 00:00:00',390,56,5,65.00),('0000-00-00 00:00:00','0000-00-00 00:00:00',391,56,6,55.00),('0000-00-00 00:00:00','0000-00-00 00:00:00',392,56,7,60.00),('0000-00-00 00:00:00','0000-00-00 00:00:00',393,57,1,88.00),('0000-00-00 00:00:00','0000-00-00 00:00:00',394,57,2,71.00),('0000-00-00 00:00:00','0000-00-00 00:00:00',395,57,3,62.00),('0000-00-00 00:00:00','0000-00-00 00:00:00',396,57,4,32.00),('0000-00-00 00:00:00','0000-00-00 00:00:00',397,57,5,54.00),('0000-00-00 00:00:00','0000-00-00 00:00:00',398,57,6,44.00),('0000-00-00 00:00:00','0000-00-00 00:00:00',399,57,7,45.00),('0000-00-00 00:00:00','0000-00-00 00:00:00',400,58,1,88.00),('0000-00-00 00:00:00','0000-00-00 00:00:00',401,58,2,71.00),('0000-00-00 00:00:00','0000-00-00 00:00:00',402,58,3,62.00),('0000-00-00 00:00:00','0000-00-00 00:00:00',403,58,4,32.00),('0000-00-00 00:00:00','0000-00-00 00:00:00',404,58,5,54.00),('0000-00-00 00:00:00','0000-00-00 00:00:00',405,58,6,44.00),('0000-00-00 00:00:00','0000-00-00 00:00:00',406,58,7,45.00),('0000-00-00 00:00:00','0000-00-00 00:00:00',407,59,1,88.00),('0000-00-00 00:00:00','0000-00-00 00:00:00',408,59,2,71.00),('0000-00-00 00:00:00','0000-00-00 00:00:00',409,59,3,62.00),('0000-00-00 00:00:00','0000-00-00 00:00:00',410,59,4,88.00),('0000-00-00 00:00:00','0000-00-00 00:00:00',411,59,5,47.00),('0000-00-00 00:00:00','0000-00-00 00:00:00',412,59,6,38.00),('0000-00-00 00:00:00','0000-00-00 00:00:00',413,59,7,37.00),('0000-00-00 00:00:00','0000-00-00 00:00:00',414,60,1,150.00),('0000-00-00 00:00:00','0000-00-00 00:00:00',415,60,2,120.00),('0000-00-00 00:00:00','0000-00-00 00:00:00',416,60,3,105.00),('0000-00-00 00:00:00','0000-00-00 00:00:00',417,60,4,52.00),('0000-00-00 00:00:00','0000-00-00 00:00:00',418,60,5,65.00),('0000-00-00 00:00:00','0000-00-00 00:00:00',419,60,6,54.00),('0000-00-00 00:00:00','0000-00-00 00:00:00',420,60,7,50.00),('0000-00-00 00:00:00','0000-00-00 00:00:00',421,61,1,221.00),('0000-00-00 00:00:00','0000-00-00 00:00:00',422,61,2,177.00),('0000-00-00 00:00:00','0000-00-00 00:00:00',423,61,3,112.00),('0000-00-00 00:00:00','0000-00-00 00:00:00',424,61,4,96.00),('0000-00-00 00:00:00','0000-00-00 00:00:00',425,61,5,184.00),('0000-00-00 00:00:00','0000-00-00 00:00:00',426,61,6,132.00),('0000-00-00 00:00:00','0000-00-00 00:00:00',427,61,7,140.00),('0000-00-00 00:00:00','0000-00-00 00:00:00',428,62,1,0.00),('0000-00-00 00:00:00','0000-00-00 00:00:00',429,62,2,0.00),('0000-00-00 00:00:00','0000-00-00 00:00:00',430,62,3,0.00),('0000-00-00 00:00:00','0000-00-00 00:00:00',431,62,4,0.00),('0000-00-00 00:00:00','0000-00-00 00:00:00',432,62,5,0.00),('0000-00-00 00:00:00','0000-00-00 00:00:00',433,62,6,0.00),('0000-00-00 00:00:00','0000-00-00 00:00:00',434,62,7,0.00),('0000-00-00 00:00:00','0000-00-00 00:00:00',435,63,1,88.00),('0000-00-00 00:00:00','0000-00-00 00:00:00',436,63,2,71.00),('0000-00-00 00:00:00','0000-00-00 00:00:00',437,63,3,62.00),('0000-00-00 00:00:00','0000-00-00 00:00:00',438,63,4,0.00),('0000-00-00 00:00:00','0000-00-00 00:00:00',439,63,5,0.00),('0000-00-00 00:00:00','0000-00-00 00:00:00',440,63,6,12.00),('0000-00-00 00:00:00','0000-00-00 00:00:00',441,63,7,50.00),('0000-00-00 00:00:00','0000-00-00 00:00:00',442,64,1,100.00),('0000-00-00 00:00:00','0000-00-00 00:00:00',443,64,2,80.00),('0000-00-00 00:00:00','0000-00-00 00:00:00',444,64,3,70.00),('0000-00-00 00:00:00','0000-00-00 00:00:00',445,64,4,72.00),('0000-00-00 00:00:00','0000-00-00 00:00:00',446,64,5,98.00),('0000-00-00 00:00:00','0000-00-00 00:00:00',447,64,6,58.00),('0000-00-00 00:00:00','0000-00-00 00:00:00',448,64,7,65.00),('0000-00-00 00:00:00','0000-00-00 00:00:00',449,65,1,150.00),('0000-00-00 00:00:00','0000-00-00 00:00:00',450,65,2,120.00),('0000-00-00 00:00:00','0000-00-00 00:00:00',451,65,3,105.00),('0000-00-00 00:00:00','0000-00-00 00:00:00',452,65,4,86.00),('0000-00-00 00:00:00','0000-00-00 00:00:00',453,65,5,115.00),('0000-00-00 00:00:00','0000-00-00 00:00:00',454,65,6,69.00),('0000-00-00 00:00:00','0000-00-00 00:00:00',455,65,7,75.00),('0000-00-00 00:00:00','0000-00-00 00:00:00',456,66,1,50.00),('0000-00-00 00:00:00','0000-00-00 00:00:00',457,66,2,40.00),('0000-00-00 00:00:00','0000-00-00 00:00:00',458,66,3,35.00),('0000-00-00 00:00:00','0000-00-00 00:00:00',459,66,4,25.00),('0000-00-00 00:00:00','0000-00-00 00:00:00',460,66,5,32.00),('0000-00-00 00:00:00','0000-00-00 00:00:00',461,66,6,19.00),('0000-00-00 00:00:00','0000-00-00 00:00:00',462,66,7,20.00),('0000-00-00 00:00:00','0000-00-00 00:00:00',463,67,1,350.00),('0000-00-00 00:00:00','0000-00-00 00:00:00',464,67,2,280.00),('0000-00-00 00:00:00','0000-00-00 00:00:00',465,67,3,245.00),('0000-00-00 00:00:00','0000-00-00 00:00:00',466,67,4,175.00),('0000-00-00 00:00:00','0000-00-00 00:00:00',467,67,5,239.00),('0000-00-00 00:00:00','0000-00-00 00:00:00',468,67,6,203.00),('0000-00-00 00:00:00','0000-00-00 00:00:00',469,67,7,200.00),('0000-00-00 00:00:00','0000-00-00 00:00:00',470,68,1,450.00),('0000-00-00 00:00:00','0000-00-00 00:00:00',471,68,2,360.00),('0000-00-00 00:00:00','0000-00-00 00:00:00',472,68,3,315.00),('0000-00-00 00:00:00','0000-00-00 00:00:00',473,68,4,300.00),('0000-00-00 00:00:00','0000-00-00 00:00:00',474,68,5,360.00),('0000-00-00 00:00:00','0000-00-00 00:00:00',475,68,6,315.00),('0000-00-00 00:00:00','0000-00-00 00:00:00',476,68,7,450.00),('0000-00-00 00:00:00','0000-00-00 00:00:00',477,69,1,450.00),('0000-00-00 00:00:00','0000-00-00 00:00:00',478,69,2,360.00),('0000-00-00 00:00:00','0000-00-00 00:00:00',479,69,3,315.00),('0000-00-00 00:00:00','0000-00-00 00:00:00',480,69,4,450.00),('0000-00-00 00:00:00','0000-00-00 00:00:00',481,69,5,360.00),('0000-00-00 00:00:00','0000-00-00 00:00:00',482,69,6,315.00),('0000-00-00 00:00:00','0000-00-00 00:00:00',483,69,7,450.00),('0000-00-00 00:00:00','0000-00-00 00:00:00',484,70,1,450.00),('0000-00-00 00:00:00','0000-00-00 00:00:00',485,70,2,360.00),('0000-00-00 00:00:00','0000-00-00 00:00:00',486,70,3,315.00),('0000-00-00 00:00:00','0000-00-00 00:00:00',487,70,4,450.00),('0000-00-00 00:00:00','0000-00-00 00:00:00',488,70,5,360.00),('0000-00-00 00:00:00','0000-00-00 00:00:00',489,70,6,315.00),('0000-00-00 00:00:00','0000-00-00 00:00:00',490,70,7,450.00),('0000-00-00 00:00:00','0000-00-00 00:00:00',491,71,1,450.00),('0000-00-00 00:00:00','0000-00-00 00:00:00',492,71,2,360.00),('0000-00-00 00:00:00','0000-00-00 00:00:00',493,71,3,315.00),('0000-00-00 00:00:00','0000-00-00 00:00:00',494,71,4,450.00),('0000-00-00 00:00:00','0000-00-00 00:00:00',495,71,5,360.00),('0000-00-00 00:00:00','0000-00-00 00:00:00',496,71,6,315.00),('0000-00-00 00:00:00','0000-00-00 00:00:00',497,71,7,450.00),('0000-00-00 00:00:00','0000-00-00 00:00:00',498,72,1,160.00),('0000-00-00 00:00:00','0000-00-00 00:00:00',499,72,2,128.00),('0000-00-00 00:00:00','0000-00-00 00:00:00',500,72,3,112.00),('0000-00-00 00:00:00','0000-00-00 00:00:00',501,72,4,53.00),('0000-00-00 00:00:00','0000-00-00 00:00:00',502,72,5,157.00),('0000-00-00 00:00:00','0000-00-00 00:00:00',503,72,6,81.00),('0000-00-00 00:00:00','0000-00-00 00:00:00',504,72,7,75.00),('0000-00-00 00:00:00','0000-00-00 00:00:00',505,73,1,450.00),('0000-00-00 00:00:00','0000-00-00 00:00:00',506,73,2,360.00),('0000-00-00 00:00:00','0000-00-00 00:00:00',507,73,3,315.00),('0000-00-00 00:00:00','0000-00-00 00:00:00',508,73,4,300.00),('0000-00-00 00:00:00','0000-00-00 00:00:00',509,73,5,239.00),('0000-00-00 00:00:00','0000-00-00 00:00:00',510,73,6,203.00),('0000-00-00 00:00:00','0000-00-00 00:00:00',511,73,7,195.00),('0000-00-00 00:00:00','0000-00-00 00:00:00',512,74,1,118.00),('0000-00-00 00:00:00','0000-00-00 00:00:00',513,74,2,98.00),('0000-00-00 00:00:00','0000-00-00 00:00:00',514,74,3,83.00),('0000-00-00 00:00:00','0000-00-00 00:00:00',515,74,4,60.00),('0000-00-00 00:00:00','0000-00-00 00:00:00',516,74,5,97.00),('0000-00-00 00:00:00','0000-00-00 00:00:00',517,74,6,97.00),('0000-00-00 00:00:00','0000-00-00 00:00:00',518,74,7,80.00),('0000-00-00 00:00:00','0000-00-00 00:00:00',519,75,1,331.00),('0000-00-00 00:00:00','0000-00-00 00:00:00',520,75,2,265.00),('0000-00-00 00:00:00','0000-00-00 00:00:00',521,75,3,232.00),('0000-00-00 00:00:00','0000-00-00 00:00:00',522,75,4,102.00),('0000-00-00 00:00:00','0000-00-00 00:00:00',523,75,5,178.00),('0000-00-00 00:00:00','0000-00-00 00:00:00',524,75,6,140.00),('0000-00-00 00:00:00','0000-00-00 00:00:00',525,75,7,145.00),('0000-00-00 00:00:00','0000-00-00 00:00:00',526,76,1,26.00),('0000-00-00 00:00:00','0000-00-00 00:00:00',527,76,2,21.00),('0000-00-00 00:00:00','0000-00-00 00:00:00',528,76,3,19.00),('0000-00-00 00:00:00','0000-00-00 00:00:00',529,76,4,12.00),('0000-00-00 00:00:00','0000-00-00 00:00:00',530,76,5,35.00),('0000-00-00 00:00:00','0000-00-00 00:00:00',531,76,6,21.00),('0000-00-00 00:00:00','0000-00-00 00:00:00',532,76,7,30.00),('0000-00-00 00:00:00','0000-00-00 00:00:00',533,77,1,33.00),('0000-00-00 00:00:00','0000-00-00 00:00:00',534,77,2,20.00),('0000-00-00 00:00:00','0000-00-00 00:00:00',535,77,3,20.00),('0000-00-00 00:00:00','0000-00-00 00:00:00',536,77,4,18.00),('0000-00-00 00:00:00','0000-00-00 00:00:00',537,77,5,20.00),('0000-00-00 00:00:00','0000-00-00 00:00:00',538,77,6,20.00),('0000-00-00 00:00:00','0000-00-00 00:00:00',539,77,7,20.00),('0000-00-00 00:00:00','0000-00-00 00:00:00',540,78,1,12.00),('0000-00-00 00:00:00','0000-00-00 00:00:00',541,78,2,10.00),('0000-00-00 00:00:00','0000-00-00 00:00:00',542,78,3,9.00),('0000-00-00 00:00:00','0000-00-00 00:00:00',543,78,4,0.00),('0000-00-00 00:00:00','0000-00-00 00:00:00',544,78,5,0.00),('0000-00-00 00:00:00','0000-00-00 00:00:00',545,78,6,0.00),('0000-00-00 00:00:00','0000-00-00 00:00:00',546,78,7,13.00),('0000-00-00 00:00:00','0000-00-00 00:00:00',547,79,1,0.00),('0000-00-00 00:00:00','0000-00-00 00:00:00',548,79,2,0.00),('0000-00-00 00:00:00','0000-00-00 00:00:00',549,79,3,0.00),('0000-00-00 00:00:00','0000-00-00 00:00:00',550,79,4,0.00),('0000-00-00 00:00:00','0000-00-00 00:00:00',551,79,5,0.00),('0000-00-00 00:00:00','0000-00-00 00:00:00',552,79,6,0.00),('0000-00-00 00:00:00','0000-00-00 00:00:00',553,79,7,0.00),('0000-00-00 00:00:00','0000-00-00 00:00:00',554,80,1,625.00),('0000-00-00 00:00:00','0000-00-00 00:00:00',555,80,2,500.00),('0000-00-00 00:00:00','0000-00-00 00:00:00',556,80,3,450.00),('0000-00-00 00:00:00','0000-00-00 00:00:00',557,80,4,500.00),('0000-00-00 00:00:00','0000-00-00 00:00:00',558,80,5,528.00),('0000-00-00 00:00:00','0000-00-00 00:00:00',559,80,6,346.00),('0000-00-00 00:00:00','0000-00-00 00:00:00',560,80,7,500.00),('0000-00-00 00:00:00','0000-00-00 00:00:00',561,81,1,650.00),('0000-00-00 00:00:00','0000-00-00 00:00:00',562,81,2,520.00),('0000-00-00 00:00:00','0000-00-00 00:00:00',563,81,3,470.00),('0000-00-00 00:00:00','0000-00-00 00:00:00',564,81,4,520.00),('0000-00-00 00:00:00','0000-00-00 00:00:00',565,81,5,520.00),('0000-00-00 00:00:00','0000-00-00 00:00:00',566,81,6,520.00),('0000-00-00 00:00:00','0000-00-00 00:00:00',567,81,7,650.00),('0000-00-00 00:00:00','0000-00-00 00:00:00',568,82,1,3120.00),('0000-00-00 00:00:00','0000-00-00 00:00:00',569,82,2,2600.00),('0000-00-00 00:00:00','0000-00-00 00:00:00',570,82,3,2350.00),('0000-00-00 00:00:00','0000-00-00 00:00:00',571,82,4,2600.00),('0000-00-00 00:00:00','0000-00-00 00:00:00',572,82,5,2600.00),('0000-00-00 00:00:00','0000-00-00 00:00:00',573,82,6,2600.00),('0000-00-00 00:00:00','0000-00-00 00:00:00',574,82,7,2500.00),('0000-00-00 00:00:00','0000-00-00 00:00:00',575,83,1,350.00),('0000-00-00 00:00:00','0000-00-00 00:00:00',576,83,2,280.00),('0000-00-00 00:00:00','0000-00-00 00:00:00',577,83,3,245.00),('0000-00-00 00:00:00','0000-00-00 00:00:00',578,83,4,280.00),('0000-00-00 00:00:00','0000-00-00 00:00:00',579,83,5,280.00),('0000-00-00 00:00:00','0000-00-00 00:00:00',580,83,6,280.00),('0000-00-00 00:00:00','0000-00-00 00:00:00',581,83,7,280.00),('0000-00-00 00:00:00','0000-00-00 00:00:00',582,84,1,4200.00),('0000-00-00 00:00:00','0000-00-00 00:00:00',583,84,2,3500.00),('0000-00-00 00:00:00','0000-00-00 00:00:00',584,84,3,3150.00),('0000-00-00 00:00:00','0000-00-00 00:00:00',585,84,4,3500.00),('0000-00-00 00:00:00','0000-00-00 00:00:00',586,84,5,3500.00),('0000-00-00 00:00:00','0000-00-00 00:00:00',587,84,6,3500.00),('0000-00-00 00:00:00','0000-00-00 00:00:00',588,84,7,3500.00),('0000-00-00 00:00:00','0000-00-00 00:00:00',589,85,1,114.00),('0000-00-00 00:00:00','0000-00-00 00:00:00',590,85,2,95.00),('0000-00-00 00:00:00','0000-00-00 00:00:00',591,85,3,86.00),('0000-00-00 00:00:00','0000-00-00 00:00:00',592,85,4,95.00),('0000-00-00 00:00:00','0000-00-00 00:00:00',593,85,5,95.00),('0000-00-00 00:00:00','0000-00-00 00:00:00',594,85,6,95.00),('0000-00-00 00:00:00','0000-00-00 00:00:00',595,85,7,95.00),('0000-00-00 00:00:00','0000-00-00 00:00:00',596,86,1,180.00),('0000-00-00 00:00:00','0000-00-00 00:00:00',597,86,2,150.00),('0000-00-00 00:00:00','0000-00-00 00:00:00',598,86,3,135.00),('0000-00-00 00:00:00','0000-00-00 00:00:00',599,86,4,150.00),('0000-00-00 00:00:00','0000-00-00 00:00:00',600,86,5,150.00),('0000-00-00 00:00:00','0000-00-00 00:00:00',601,86,6,150.00),('0000-00-00 00:00:00','0000-00-00 00:00:00',602,86,7,150.00),('0000-00-00 00:00:00','0000-00-00 00:00:00',603,87,1,0.00),('0000-00-00 00:00:00','0000-00-00 00:00:00',604,87,2,0.00),('0000-00-00 00:00:00','0000-00-00 00:00:00',605,87,3,0.00),('0000-00-00 00:00:00','0000-00-00 00:00:00',606,87,4,0.00),('0000-00-00 00:00:00','0000-00-00 00:00:00',607,87,5,0.00),('0000-00-00 00:00:00','0000-00-00 00:00:00',608,87,6,0.00),('0000-00-00 00:00:00','0000-00-00 00:00:00',609,87,7,0.00),('0000-00-00 00:00:00','0000-00-00 00:00:00',610,88,1,50.00),('0000-00-00 00:00:00','0000-00-00 00:00:00',611,88,2,40.00),('0000-00-00 00:00:00','0000-00-00 00:00:00',612,88,3,35.00),('0000-00-00 00:00:00','0000-00-00 00:00:00',613,88,4,24.00),('0000-00-00 00:00:00','0000-00-00 00:00:00',614,88,5,40.00),('0000-00-00 00:00:00','0000-00-00 00:00:00',615,88,6,40.00),('0000-00-00 00:00:00','0000-00-00 00:00:00',616,88,7,30.00),('0000-00-00 00:00:00','0000-00-00 00:00:00',617,89,1,500.00),('0000-00-00 00:00:00','0000-00-00 00:00:00',618,89,2,200.00),('0000-00-00 00:00:00','0000-00-00 00:00:00',619,89,3,180.00),('0000-00-00 00:00:00','0000-00-00 00:00:00',620,89,4,330.00),('0000-00-00 00:00:00','0000-00-00 00:00:00',621,89,5,200.00),('0000-00-00 00:00:00','0000-00-00 00:00:00',622,89,6,200.00),('0000-00-00 00:00:00','0000-00-00 00:00:00',623,89,7,375.00),('0000-00-00 00:00:00','0000-00-00 00:00:00',624,90,1,350.00),('0000-00-00 00:00:00','0000-00-00 00:00:00',625,90,2,140.00),('0000-00-00 00:00:00','0000-00-00 00:00:00',626,90,3,123.00),('0000-00-00 00:00:00','0000-00-00 00:00:00',627,90,4,265.00),('0000-00-00 00:00:00','0000-00-00 00:00:00',628,90,5,140.00),('0000-00-00 00:00:00','0000-00-00 00:00:00',629,90,6,140.00),('0000-00-00 00:00:00','0000-00-00 00:00:00',630,90,7,180.00),('0000-00-00 00:00:00','0000-00-00 00:00:00',631,91,1,0.00),('0000-00-00 00:00:00','0000-00-00 00:00:00',632,91,2,0.00),('0000-00-00 00:00:00','0000-00-00 00:00:00',633,91,3,0.00),('0000-00-00 00:00:00','0000-00-00 00:00:00',634,91,4,0.00),('0000-00-00 00:00:00','0000-00-00 00:00:00',635,91,5,0.00),('0000-00-00 00:00:00','0000-00-00 00:00:00',636,91,6,0.00),('0000-00-00 00:00:00','0000-00-00 00:00:00',637,91,7,0.00),('0000-00-00 00:00:00','0000-00-00 00:00:00',638,92,1,325.00),('0000-00-00 00:00:00','0000-00-00 00:00:00',639,92,2,275.00),('0000-00-00 00:00:00','0000-00-00 00:00:00',640,92,3,250.00),('0000-00-00 00:00:00','0000-00-00 00:00:00',641,92,4,240.00),('0000-00-00 00:00:00','0000-00-00 00:00:00',642,92,5,250.00),('0000-00-00 00:00:00','0000-00-00 00:00:00',643,92,6,250.00),('0000-00-00 00:00:00','0000-00-00 00:00:00',644,92,7,250.00),('0000-00-00 00:00:00','0000-00-00 00:00:00',645,93,1,40.00),('0000-00-00 00:00:00','0000-00-00 00:00:00',646,93,2,33.00),('0000-00-00 00:00:00','0000-00-00 00:00:00',647,93,3,30.00),('0000-00-00 00:00:00','0000-00-00 00:00:00',648,93,4,30.00),('0000-00-00 00:00:00','0000-00-00 00:00:00',649,93,5,30.00),('0000-00-00 00:00:00','0000-00-00 00:00:00',650,93,6,30.00),('0000-00-00 00:00:00','0000-00-00 00:00:00',651,93,7,32.00),('0000-00-00 00:00:00','0000-00-00 00:00:00',652,94,1,162.00),('0000-00-00 00:00:00','0000-00-00 00:00:00',653,94,2,135.00),('0000-00-00 00:00:00','0000-00-00 00:00:00',654,94,3,120.00),('0000-00-00 00:00:00','0000-00-00 00:00:00',655,94,4,135.00),('0000-00-00 00:00:00','0000-00-00 00:00:00',656,94,5,135.00),('0000-00-00 00:00:00','0000-00-00 00:00:00',657,94,6,135.00),('0000-00-00 00:00:00','0000-00-00 00:00:00',658,94,7,135.00),('0000-00-00 00:00:00','0000-00-00 00:00:00',659,95,1,150.00),('0000-00-00 00:00:00','0000-00-00 00:00:00',660,95,2,150.00),('0000-00-00 00:00:00','0000-00-00 00:00:00',661,95,3,150.00),('0000-00-00 00:00:00','0000-00-00 00:00:00',662,95,4,150.00),('0000-00-00 00:00:00','0000-00-00 00:00:00',663,95,5,150.00),('0000-00-00 00:00:00','0000-00-00 00:00:00',664,95,6,150.00),('0000-00-00 00:00:00','0000-00-00 00:00:00',665,95,7,150.00),('0000-00-00 00:00:00','0000-00-00 00:00:00',666,96,1,500.00),('0000-00-00 00:00:00','0000-00-00 00:00:00',667,96,2,500.00),('0000-00-00 00:00:00','0000-00-00 00:00:00',668,96,3,500.00),('0000-00-00 00:00:00','0000-00-00 00:00:00',669,96,4,500.00),('0000-00-00 00:00:00','0000-00-00 00:00:00',670,96,5,500.00),('0000-00-00 00:00:00','0000-00-00 00:00:00',671,96,6,500.00),('0000-00-00 00:00:00','0000-00-00 00:00:00',672,96,7,500.00),('0000-00-00 00:00:00','0000-00-00 00:00:00',673,97,1,75.00),('0000-00-00 00:00:00','0000-00-00 00:00:00',674,97,2,75.00),('0000-00-00 00:00:00','0000-00-00 00:00:00',675,97,3,75.00),('0000-00-00 00:00:00','0000-00-00 00:00:00',676,97,4,75.00),('0000-00-00 00:00:00','0000-00-00 00:00:00',677,97,5,75.00),('0000-00-00 00:00:00','0000-00-00 00:00:00',678,97,6,75.00),('0000-00-00 00:00:00','0000-00-00 00:00:00',679,97,7,75.00),('0000-00-00 00:00:00','0000-00-00 00:00:00',680,98,1,0.00),('0000-00-00 00:00:00','0000-00-00 00:00:00',681,98,2,0.00),('0000-00-00 00:00:00','0000-00-00 00:00:00',682,98,3,0.00),('0000-00-00 00:00:00','0000-00-00 00:00:00',683,98,4,0.00),('0000-00-00 00:00:00','0000-00-00 00:00:00',684,98,5,0.00),('0000-00-00 00:00:00','0000-00-00 00:00:00',685,98,6,0.00),('0000-00-00 00:00:00','0000-00-00 00:00:00',686,98,7,0.00),('0000-00-00 00:00:00','0000-00-00 00:00:00',687,99,1,0.00),('0000-00-00 00:00:00','0000-00-00 00:00:00',688,99,2,0.00),('0000-00-00 00:00:00','0000-00-00 00:00:00',689,99,3,0.00),('0000-00-00 00:00:00','0000-00-00 00:00:00',690,99,4,0.00),('0000-00-00 00:00:00','0000-00-00 00:00:00',691,99,5,0.00),('0000-00-00 00:00:00','0000-00-00 00:00:00',692,99,6,0.00),('0000-00-00 00:00:00','0000-00-00 00:00:00',693,99,7,0.00),('0000-00-00 00:00:00','0000-00-00 00:00:00',694,100,1,0.00),('0000-00-00 00:00:00','0000-00-00 00:00:00',695,100,2,0.00),('0000-00-00 00:00:00','0000-00-00 00:00:00',696,100,3,0.00),('0000-00-00 00:00:00','0000-00-00 00:00:00',697,100,4,0.00),('0000-00-00 00:00:00','0000-00-00 00:00:00',698,100,5,0.00),('0000-00-00 00:00:00','0000-00-00 00:00:00',699,100,6,0.00),('0000-00-00 00:00:00','0000-00-00 00:00:00',700,100,7,0.00),('0000-00-00 00:00:00','0000-00-00 00:00:00',701,101,1,0.00),('0000-00-00 00:00:00','0000-00-00 00:00:00',702,101,2,0.00),('0000-00-00 00:00:00','0000-00-00 00:00:00',703,101,3,0.00),('0000-00-00 00:00:00','0000-00-00 00:00:00',704,101,4,0.00),('0000-00-00 00:00:00','0000-00-00 00:00:00',705,101,5,0.00),('0000-00-00 00:00:00','0000-00-00 00:00:00',706,101,6,0.00),('0000-00-00 00:00:00','0000-00-00 00:00:00',707,101,7,0.00),('0000-00-00 00:00:00','0000-00-00 00:00:00',708,102,1,20.00),('0000-00-00 00:00:00','0000-00-00 00:00:00',709,102,2,0.00),('0000-00-00 00:00:00','0000-00-00 00:00:00',710,102,3,0.00),('0000-00-00 00:00:00','0000-00-00 00:00:00',711,102,4,0.00),('0000-00-00 00:00:00','0000-00-00 00:00:00',712,102,5,0.00),('0000-00-00 00:00:00','0000-00-00 00:00:00',713,102,6,0.00),('0000-00-00 00:00:00','0000-00-00 00:00:00',714,102,7,0.00),('0000-00-00 00:00:00','0000-00-00 00:00:00',715,103,1,150.00),('0000-00-00 00:00:00','0000-00-00 00:00:00',716,103,2,0.00),('0000-00-00 00:00:00','0000-00-00 00:00:00',717,103,3,120.00),('0000-00-00 00:00:00','0000-00-00 00:00:00',718,103,4,60.00),('0000-00-00 00:00:00','0000-00-00 00:00:00',719,103,5,0.00),('0000-00-00 00:00:00','0000-00-00 00:00:00',720,103,6,0.00),('0000-00-00 00:00:00','0000-00-00 00:00:00',721,103,7,0.00),('0000-00-00 00:00:00','0000-00-00 00:00:00',722,104,1,0.00),('0000-00-00 00:00:00','0000-00-00 00:00:00',723,104,2,0.00),('0000-00-00 00:00:00','0000-00-00 00:00:00',724,104,3,0.00),('0000-00-00 00:00:00','0000-00-00 00:00:00',725,104,4,0.00),('0000-00-00 00:00:00','0000-00-00 00:00:00',726,104,5,0.00),('0000-00-00 00:00:00','0000-00-00 00:00:00',727,104,6,0.00),('0000-00-00 00:00:00','0000-00-00 00:00:00',728,104,7,0.00),('0000-00-00 00:00:00','0000-00-00 00:00:00',729,105,1,400.00),('0000-00-00 00:00:00','0000-00-00 00:00:00',730,105,2,0.00),('0000-00-00 00:00:00','0000-00-00 00:00:00',731,105,3,320.00),('0000-00-00 00:00:00','0000-00-00 00:00:00',732,105,4,198.00),('0000-00-00 00:00:00','0000-00-00 00:00:00',733,105,5,0.00),('0000-00-00 00:00:00','0000-00-00 00:00:00',734,105,6,0.00),('0000-00-00 00:00:00','0000-00-00 00:00:00',735,105,7,0.00),('0000-00-00 00:00:00','0000-00-00 00:00:00',736,106,1,200.00),('0000-00-00 00:00:00','0000-00-00 00:00:00',737,106,2,0.00),('0000-00-00 00:00:00','0000-00-00 00:00:00',738,106,3,0.00),('0000-00-00 00:00:00','0000-00-00 00:00:00',739,106,4,198.00),('0000-00-00 00:00:00','0000-00-00 00:00:00',740,106,5,0.00),('0000-00-00 00:00:00','0000-00-00 00:00:00',741,106,6,0.00),('0000-00-00 00:00:00','0000-00-00 00:00:00',742,106,7,0.00),('0000-00-00 00:00:00','0000-00-00 00:00:00',743,107,1,0.00),('0000-00-00 00:00:00','0000-00-00 00:00:00',744,107,2,0.00),('0000-00-00 00:00:00','0000-00-00 00:00:00',745,107,3,0.00),('0000-00-00 00:00:00','0000-00-00 00:00:00',746,107,4,0.00),('0000-00-00 00:00:00','0000-00-00 00:00:00',747,107,5,0.00),('0000-00-00 00:00:00','0000-00-00 00:00:00',748,107,6,0.00),('0000-00-00 00:00:00','0000-00-00 00:00:00',749,107,7,0.00),('0000-00-00 00:00:00','0000-00-00 00:00:00',750,108,1,200.00),('0000-00-00 00:00:00','0000-00-00 00:00:00',751,108,2,0.00),('0000-00-00 00:00:00','0000-00-00 00:00:00',752,108,3,0.00),('0000-00-00 00:00:00','0000-00-00 00:00:00',753,108,4,298.00),('0000-00-00 00:00:00','0000-00-00 00:00:00',754,108,5,0.00),('0000-00-00 00:00:00','0000-00-00 00:00:00',755,108,6,0.00),('0000-00-00 00:00:00','0000-00-00 00:00:00',756,108,7,0.00),('0000-00-00 00:00:00','0000-00-00 00:00:00',757,109,1,400.00),('0000-00-00 00:00:00','0000-00-00 00:00:00',758,109,2,0.00),('0000-00-00 00:00:00','0000-00-00 00:00:00',759,109,3,0.00),('0000-00-00 00:00:00','0000-00-00 00:00:00',760,109,4,298.00),('0000-00-00 00:00:00','0000-00-00 00:00:00',761,109,5,0.00),('0000-00-00 00:00:00','0000-00-00 00:00:00',762,109,6,0.00),('0000-00-00 00:00:00','0000-00-00 00:00:00',763,109,7,0.00),('0000-00-00 00:00:00','0000-00-00 00:00:00',764,110,1,400.00),('0000-00-00 00:00:00','0000-00-00 00:00:00',765,110,2,0.00),('0000-00-00 00:00:00','0000-00-00 00:00:00',766,110,3,0.00),('0000-00-00 00:00:00','0000-00-00 00:00:00',767,110,4,298.00),('0000-00-00 00:00:00','0000-00-00 00:00:00',768,110,5,0.00),('0000-00-00 00:00:00','0000-00-00 00:00:00',769,110,6,0.00),('0000-00-00 00:00:00','0000-00-00 00:00:00',770,110,7,0.00),('0000-00-00 00:00:00','0000-00-00 00:00:00',771,111,1,150.00),('0000-00-00 00:00:00','0000-00-00 00:00:00',772,111,2,0.00),('0000-00-00 00:00:00','0000-00-00 00:00:00',773,111,3,0.00),('0000-00-00 00:00:00','0000-00-00 00:00:00',774,111,4,0.00),('0000-00-00 00:00:00','0000-00-00 00:00:00',775,111,5,0.00),('0000-00-00 00:00:00','0000-00-00 00:00:00',776,111,6,0.00),('0000-00-00 00:00:00','0000-00-00 00:00:00',777,111,7,0.00),('0000-00-00 00:00:00','0000-00-00 00:00:00',778,112,1,40.00),('0000-00-00 00:00:00','0000-00-00 00:00:00',779,112,2,0.00),('0000-00-00 00:00:00','0000-00-00 00:00:00',780,112,3,0.00),('0000-00-00 00:00:00','0000-00-00 00:00:00',781,112,4,24.00),('0000-00-00 00:00:00','0000-00-00 00:00:00',782,112,5,0.00),('0000-00-00 00:00:00','0000-00-00 00:00:00',783,112,6,0.00),('0000-00-00 00:00:00','0000-00-00 00:00:00',784,112,7,0.00),('0000-00-00 00:00:00','0000-00-00 00:00:00',785,113,1,0.00),('0000-00-00 00:00:00','0000-00-00 00:00:00',786,113,2,0.00),('0000-00-00 00:00:00','0000-00-00 00:00:00',787,113,3,0.00),('0000-00-00 00:00:00','0000-00-00 00:00:00',788,113,4,0.00),('0000-00-00 00:00:00','0000-00-00 00:00:00',789,113,5,0.00),('0000-00-00 00:00:00','0000-00-00 00:00:00',790,113,6,0.00),('0000-00-00 00:00:00','0000-00-00 00:00:00',791,113,7,0.00),('0000-00-00 00:00:00','0000-00-00 00:00:00',792,114,1,0.00),('0000-00-00 00:00:00','0000-00-00 00:00:00',793,114,2,0.00),('0000-00-00 00:00:00','0000-00-00 00:00:00',794,114,3,0.00),('0000-00-00 00:00:00','0000-00-00 00:00:00',795,114,4,0.00),('0000-00-00 00:00:00','0000-00-00 00:00:00',796,114,5,0.00),('0000-00-00 00:00:00','0000-00-00 00:00:00',797,114,6,0.00),('0000-00-00 00:00:00','0000-00-00 00:00:00',798,114,7,0.00),('0000-00-00 00:00:00','0000-00-00 00:00:00',799,115,1,350.00),('0000-00-00 00:00:00','0000-00-00 00:00:00',800,115,2,0.00),('0000-00-00 00:00:00','0000-00-00 00:00:00',801,115,3,0.00),('0000-00-00 00:00:00','0000-00-00 00:00:00',802,115,4,360.00),('0000-00-00 00:00:00','0000-00-00 00:00:00',803,115,5,0.00),('0000-00-00 00:00:00','0000-00-00 00:00:00',804,115,6,0.00),('0000-00-00 00:00:00','0000-00-00 00:00:00',805,115,7,0.00),('0000-00-00 00:00:00','0000-00-00 00:00:00',806,116,1,700.00),('0000-00-00 00:00:00','0000-00-00 00:00:00',807,116,2,0.00),('0000-00-00 00:00:00','0000-00-00 00:00:00',808,116,3,0.00),('0000-00-00 00:00:00','0000-00-00 00:00:00',809,116,4,525.00),('0000-00-00 00:00:00','0000-00-00 00:00:00',810,116,5,0.00),('0000-00-00 00:00:00','0000-00-00 00:00:00',811,116,6,0.00),('0000-00-00 00:00:00','0000-00-00 00:00:00',812,116,7,0.00),('0000-00-00 00:00:00','0000-00-00 00:00:00',813,117,1,80.00),('0000-00-00 00:00:00','0000-00-00 00:00:00',814,117,2,0.00),('0000-00-00 00:00:00','0000-00-00 00:00:00',815,117,3,0.00),('0000-00-00 00:00:00','0000-00-00 00:00:00',816,117,4,40.00),('0000-00-00 00:00:00','0000-00-00 00:00:00',817,117,5,0.00),('0000-00-00 00:00:00','0000-00-00 00:00:00',818,117,6,0.00),('0000-00-00 00:00:00','0000-00-00 00:00:00',819,117,7,0.00),('0000-00-00 00:00:00','0000-00-00 00:00:00',820,118,1,150.00),('0000-00-00 00:00:00','0000-00-00 00:00:00',821,118,2,0.00),('0000-00-00 00:00:00','0000-00-00 00:00:00',822,118,3,0.00),('0000-00-00 00:00:00','0000-00-00 00:00:00',823,118,4,200.00),('0000-00-00 00:00:00','0000-00-00 00:00:00',824,118,5,0.00),('0000-00-00 00:00:00','0000-00-00 00:00:00',825,118,6,0.00),('0000-00-00 00:00:00','0000-00-00 00:00:00',826,118,7,0.00),('0000-00-00 00:00:00','0000-00-00 00:00:00',827,119,1,40.00),('0000-00-00 00:00:00','0000-00-00 00:00:00',828,119,2,0.00),('0000-00-00 00:00:00','0000-00-00 00:00:00',829,119,3,0.00),('0000-00-00 00:00:00','0000-00-00 00:00:00',830,119,4,12.00),('0000-00-00 00:00:00','0000-00-00 00:00:00',831,119,5,0.00),('0000-00-00 00:00:00','0000-00-00 00:00:00',832,119,6,0.00),('0000-00-00 00:00:00','0000-00-00 00:00:00',833,119,7,0.00),('0000-00-00 00:00:00','0000-00-00 00:00:00',834,120,1,200.00),('0000-00-00 00:00:00','0000-00-00 00:00:00',835,120,2,0.00),('0000-00-00 00:00:00','0000-00-00 00:00:00',836,120,3,0.00),('0000-00-00 00:00:00','0000-00-00 00:00:00',837,120,4,300.00),('0000-00-00 00:00:00','0000-00-00 00:00:00',838,120,5,0.00),('0000-00-00 00:00:00','0000-00-00 00:00:00',839,120,6,0.00),('0000-00-00 00:00:00','0000-00-00 00:00:00',840,120,7,0.00),('0000-00-00 00:00:00','0000-00-00 00:00:00',841,121,1,30.00),('0000-00-00 00:00:00','0000-00-00 00:00:00',842,121,2,0.00),('0000-00-00 00:00:00','0000-00-00 00:00:00',843,121,3,0.00),('0000-00-00 00:00:00','0000-00-00 00:00:00',844,121,4,18.00),('0000-00-00 00:00:00','0000-00-00 00:00:00',845,121,5,0.00),('0000-00-00 00:00:00','0000-00-00 00:00:00',846,121,6,0.00),('0000-00-00 00:00:00','0000-00-00 00:00:00',847,121,7,0.00),('0000-00-00 00:00:00','0000-00-00 00:00:00',848,122,1,15.00),('0000-00-00 00:00:00','0000-00-00 00:00:00',849,122,2,0.00),('0000-00-00 00:00:00','0000-00-00 00:00:00',850,122,3,0.00),('0000-00-00 00:00:00','0000-00-00 00:00:00',851,122,4,6.00),('0000-00-00 00:00:00','0000-00-00 00:00:00',852,122,5,0.00),('0000-00-00 00:00:00','0000-00-00 00:00:00',853,122,6,0.00),('0000-00-00 00:00:00','0000-00-00 00:00:00',854,122,7,0.00),('0000-00-00 00:00:00','0000-00-00 00:00:00',855,123,1,300.00),('0000-00-00 00:00:00','0000-00-00 00:00:00',856,123,2,0.00),('0000-00-00 00:00:00','0000-00-00 00:00:00',857,123,3,0.00),('0000-00-00 00:00:00','0000-00-00 00:00:00',858,123,4,0.00),('0000-00-00 00:00:00','0000-00-00 00:00:00',859,123,5,0.00),('0000-00-00 00:00:00','0000-00-00 00:00:00',860,123,6,0.00),('0000-00-00 00:00:00','0000-00-00 00:00:00',861,123,7,0.00),('0000-00-00 00:00:00','0000-00-00 00:00:00',862,124,1,150.00),('0000-00-00 00:00:00','0000-00-00 00:00:00',863,124,2,0.00),('0000-00-00 00:00:00','0000-00-00 00:00:00',864,124,3,0.00),('0000-00-00 00:00:00','0000-00-00 00:00:00',865,124,4,150.00),('0000-00-00 00:00:00','0000-00-00 00:00:00',866,124,5,0.00),('0000-00-00 00:00:00','0000-00-00 00:00:00',867,124,6,0.00),('0000-00-00 00:00:00','0000-00-00 00:00:00',868,124,7,0.00),('0000-00-00 00:00:00','0000-00-00 00:00:00',869,125,1,150.00),('0000-00-00 00:00:00','0000-00-00 00:00:00',870,125,2,0.00),('0000-00-00 00:00:00','0000-00-00 00:00:00',871,125,3,0.00),('0000-00-00 00:00:00','0000-00-00 00:00:00',872,125,4,60.00),('0000-00-00 00:00:00','0000-00-00 00:00:00',873,125,5,0.00),('0000-00-00 00:00:00','0000-00-00 00:00:00',874,125,6,0.00),('0000-00-00 00:00:00','0000-00-00 00:00:00',875,125,7,0.00),('0000-00-00 00:00:00','0000-00-00 00:00:00',876,126,1,0.00),('0000-00-00 00:00:00','0000-00-00 00:00:00',877,126,2,0.00),('0000-00-00 00:00:00','0000-00-00 00:00:00',878,126,3,0.00),('0000-00-00 00:00:00','0000-00-00 00:00:00',879,126,4,12.00),('0000-00-00 00:00:00','0000-00-00 00:00:00',880,126,5,0.00),('0000-00-00 00:00:00','0000-00-00 00:00:00',881,126,6,0.00),('0000-00-00 00:00:00','0000-00-00 00:00:00',882,126,7,0.00),('0000-00-00 00:00:00','0000-00-00 00:00:00',883,127,1,0.00),('0000-00-00 00:00:00','0000-00-00 00:00:00',884,127,2,0.00),('0000-00-00 00:00:00','0000-00-00 00:00:00',885,127,3,0.00),('0000-00-00 00:00:00','0000-00-00 00:00:00',886,127,4,0.00),('0000-00-00 00:00:00','0000-00-00 00:00:00',887,127,5,0.00),('0000-00-00 00:00:00','0000-00-00 00:00:00',888,127,6,0.00),('0000-00-00 00:00:00','0000-00-00 00:00:00',889,127,7,0.00),('0000-00-00 00:00:00','0000-00-00 00:00:00',890,128,1,0.00),('0000-00-00 00:00:00','0000-00-00 00:00:00',891,128,2,0.00),('0000-00-00 00:00:00','0000-00-00 00:00:00',892,128,3,0.00),('0000-00-00 00:00:00','0000-00-00 00:00:00',893,128,4,0.00),('0000-00-00 00:00:00','0000-00-00 00:00:00',894,128,5,0.00),('0000-00-00 00:00:00','0000-00-00 00:00:00',895,128,6,0.00),('0000-00-00 00:00:00','0000-00-00 00:00:00',896,128,7,0.00),('0000-00-00 00:00:00','0000-00-00 00:00:00',897,129,1,20.00),('0000-00-00 00:00:00','0000-00-00 00:00:00',898,129,2,0.00),('0000-00-00 00:00:00','0000-00-00 00:00:00',899,129,3,0.00),('0000-00-00 00:00:00','0000-00-00 00:00:00',900,129,4,0.00),('0000-00-00 00:00:00','0000-00-00 00:00:00',901,129,5,0.00),('0000-00-00 00:00:00','0000-00-00 00:00:00',902,129,6,0.00),('0000-00-00 00:00:00','0000-00-00 00:00:00',903,129,7,0.00),('0000-00-00 00:00:00','0000-00-00 00:00:00',904,130,1,0.00),('0000-00-00 00:00:00','0000-00-00 00:00:00',905,130,2,0.00),('0000-00-00 00:00:00','0000-00-00 00:00:00',906,130,3,0.00),('0000-00-00 00:00:00','0000-00-00 00:00:00',907,130,4,0.00),('0000-00-00 00:00:00','0000-00-00 00:00:00',908,130,5,0.00),('0000-00-00 00:00:00','0000-00-00 00:00:00',909,130,6,0.00),('0000-00-00 00:00:00','0000-00-00 00:00:00',910,130,7,0.00),('0000-00-00 00:00:00','0000-00-00 00:00:00',911,131,1,0.00),('0000-00-00 00:00:00','0000-00-00 00:00:00',912,131,2,0.00),('0000-00-00 00:00:00','0000-00-00 00:00:00',913,131,3,0.00),('0000-00-00 00:00:00','0000-00-00 00:00:00',914,131,4,0.00),('0000-00-00 00:00:00','0000-00-00 00:00:00',915,131,5,0.00),('0000-00-00 00:00:00','0000-00-00 00:00:00',916,131,6,0.00),('0000-00-00 00:00:00','0000-00-00 00:00:00',917,131,7,0.00),('0000-00-00 00:00:00','0000-00-00 00:00:00',918,132,1,350.00),('0000-00-00 00:00:00','0000-00-00 00:00:00',919,132,2,0.00),('0000-00-00 00:00:00','0000-00-00 00:00:00',920,132,3,0.00),('0000-00-00 00:00:00','0000-00-00 00:00:00',921,132,4,245.00),('0000-00-00 00:00:00','0000-00-00 00:00:00',922,132,5,0.00),('0000-00-00 00:00:00','0000-00-00 00:00:00',923,132,6,0.00),('0000-00-00 00:00:00','0000-00-00 00:00:00',924,132,7,0.00),('0000-00-00 00:00:00','0000-00-00 00:00:00',925,133,1,45.00),('0000-00-00 00:00:00','0000-00-00 00:00:00',926,133,2,0.00),('0000-00-00 00:00:00','0000-00-00 00:00:00',927,133,3,0.00),('0000-00-00 00:00:00','0000-00-00 00:00:00',928,133,4,32.00),('0000-00-00 00:00:00','0000-00-00 00:00:00',929,133,5,0.00),('0000-00-00 00:00:00','0000-00-00 00:00:00',930,133,6,0.00),('0000-00-00 00:00:00','0000-00-00 00:00:00',931,133,7,0.00),('0000-00-00 00:00:00','0000-00-00 00:00:00',932,134,1,75.00),('0000-00-00 00:00:00','0000-00-00 00:00:00',933,134,2,0.00),('0000-00-00 00:00:00','0000-00-00 00:00:00',934,134,3,0.00),('0000-00-00 00:00:00','0000-00-00 00:00:00',935,134,4,53.00),('0000-00-00 00:00:00','0000-00-00 00:00:00',936,134,5,0.00),('0000-00-00 00:00:00','0000-00-00 00:00:00',937,134,6,0.00),('0000-00-00 00:00:00','0000-00-00 00:00:00',938,134,7,0.00),('0000-00-00 00:00:00','0000-00-00 00:00:00',939,135,1,150.00),('0000-00-00 00:00:00','0000-00-00 00:00:00',940,135,2,0.00),('0000-00-00 00:00:00','0000-00-00 00:00:00',941,135,3,0.00),('0000-00-00 00:00:00','0000-00-00 00:00:00',942,135,4,105.00),('0000-00-00 00:00:00','0000-00-00 00:00:00',943,135,5,0.00),('0000-00-00 00:00:00','0000-00-00 00:00:00',944,135,6,0.00),('0000-00-00 00:00:00','0000-00-00 00:00:00',945,135,7,0.00),('0000-00-00 00:00:00','0000-00-00 00:00:00',946,136,1,250.00),('0000-00-00 00:00:00','0000-00-00 00:00:00',947,136,2,0.00),('0000-00-00 00:00:00','0000-00-00 00:00:00',948,136,3,0.00),('0000-00-00 00:00:00','0000-00-00 00:00:00',949,136,4,175.00),('0000-00-00 00:00:00','0000-00-00 00:00:00',950,136,5,0.00),('0000-00-00 00:00:00','0000-00-00 00:00:00',951,136,6,0.00),('0000-00-00 00:00:00','0000-00-00 00:00:00',952,136,7,0.00),('0000-00-00 00:00:00','0000-00-00 00:00:00',953,137,1,150.00),('0000-00-00 00:00:00','0000-00-00 00:00:00',954,137,2,0.00),('0000-00-00 00:00:00','0000-00-00 00:00:00',955,137,3,0.00),('0000-00-00 00:00:00','0000-00-00 00:00:00',956,137,4,105.00),('0000-00-00 00:00:00','0000-00-00 00:00:00',957,137,5,0.00),('0000-00-00 00:00:00','0000-00-00 00:00:00',958,137,6,0.00),('0000-00-00 00:00:00','0000-00-00 00:00:00',959,137,7,0.00),('0000-00-00 00:00:00','0000-00-00 00:00:00',960,138,1,0.00),('0000-00-00 00:00:00','0000-00-00 00:00:00',961,138,2,0.00),('0000-00-00 00:00:00','0000-00-00 00:00:00',962,138,3,0.00),('0000-00-00 00:00:00','0000-00-00 00:00:00',963,138,4,0.00),('0000-00-00 00:00:00','0000-00-00 00:00:00',964,138,5,0.00),('0000-00-00 00:00:00','0000-00-00 00:00:00',965,138,6,0.00),('0000-00-00 00:00:00','0000-00-00 00:00:00',966,138,7,0.00),('0000-00-00 00:00:00','0000-00-00 00:00:00',967,139,1,150.00),('0000-00-00 00:00:00','0000-00-00 00:00:00',968,139,2,0.00),('0000-00-00 00:00:00','0000-00-00 00:00:00',969,139,3,0.00),('0000-00-00 00:00:00','0000-00-00 00:00:00',970,139,4,105.00),('0000-00-00 00:00:00','0000-00-00 00:00:00',971,139,5,0.00),('0000-00-00 00:00:00','0000-00-00 00:00:00',972,139,6,0.00),('0000-00-00 00:00:00','0000-00-00 00:00:00',973,139,7,0.00),('0000-00-00 00:00:00','0000-00-00 00:00:00',974,140,1,75.00),('0000-00-00 00:00:00','0000-00-00 00:00:00',975,140,2,0.00),('0000-00-00 00:00:00','0000-00-00 00:00:00',976,140,3,0.00),('0000-00-00 00:00:00','0000-00-00 00:00:00',977,140,4,53.00),('0000-00-00 00:00:00','0000-00-00 00:00:00',978,140,5,0.00),('0000-00-00 00:00:00','0000-00-00 00:00:00',979,140,6,0.00),('0000-00-00 00:00:00','0000-00-00 00:00:00',980,140,7,0.00),('0000-00-00 00:00:00','0000-00-00 00:00:00',981,141,1,900.00),('0000-00-00 00:00:00','0000-00-00 00:00:00',982,141,2,0.00),('0000-00-00 00:00:00','0000-00-00 00:00:00',983,141,3,0.00),('0000-00-00 00:00:00','0000-00-00 00:00:00',984,141,4,550.00),('0000-00-00 00:00:00','0000-00-00 00:00:00',985,141,5,0.00),('0000-00-00 00:00:00','0000-00-00 00:00:00',986,141,6,0.00),('0000-00-00 00:00:00','0000-00-00 00:00:00',987,141,7,0.00),('0000-00-00 00:00:00','0000-00-00 00:00:00',988,142,1,900.00),('0000-00-00 00:00:00','0000-00-00 00:00:00',989,142,2,0.00),('0000-00-00 00:00:00','0000-00-00 00:00:00',990,142,3,0.00),('0000-00-00 00:00:00','0000-00-00 00:00:00',991,142,4,630.00),('0000-00-00 00:00:00','0000-00-00 00:00:00',992,142,5,0.00),('0000-00-00 00:00:00','0000-00-00 00:00:00',993,142,6,0.00),('0000-00-00 00:00:00','0000-00-00 00:00:00',994,142,7,0.00),('0000-00-00 00:00:00','0000-00-00 00:00:00',995,143,1,500.00),('0000-00-00 00:00:00','0000-00-00 00:00:00',996,143,2,0.00),('0000-00-00 00:00:00','0000-00-00 00:00:00',997,143,3,0.00),('0000-00-00 00:00:00','0000-00-00 00:00:00',998,143,4,350.00),('0000-00-00 00:00:00','0000-00-00 00:00:00',999,143,5,0.00),('0000-00-00 00:00:00','0000-00-00 00:00:00',1000,143,6,0.00),('0000-00-00 00:00:00','0000-00-00 00:00:00',1001,143,7,0.00),('0000-00-00 00:00:00','0000-00-00 00:00:00',1002,144,1,350.00),('0000-00-00 00:00:00','0000-00-00 00:00:00',1003,144,2,0.00),('0000-00-00 00:00:00','0000-00-00 00:00:00',1004,144,3,0.00),('0000-00-00 00:00:00','0000-00-00 00:00:00',1005,144,4,245.00),('0000-00-00 00:00:00','0000-00-00 00:00:00',1006,144,5,0.00),('0000-00-00 00:00:00','0000-00-00 00:00:00',1007,144,6,0.00),('0000-00-00 00:00:00','0000-00-00 00:00:00',1008,144,7,0.00),('0000-00-00 00:00:00','0000-00-00 00:00:00',1009,145,1,350.00),('0000-00-00 00:00:00','0000-00-00 00:00:00',1010,145,2,0.00),('0000-00-00 00:00:00','0000-00-00 00:00:00',1011,145,3,0.00),('0000-00-00 00:00:00','0000-00-00 00:00:00',1012,145,4,245.00),('0000-00-00 00:00:00','0000-00-00 00:00:00',1013,145,5,0.00),('0000-00-00 00:00:00','0000-00-00 00:00:00',1014,145,6,0.00),('0000-00-00 00:00:00','0000-00-00 00:00:00',1015,145,7,0.00),('0000-00-00 00:00:00','0000-00-00 00:00:00',1016,146,1,100.00),('0000-00-00 00:00:00','0000-00-00 00:00:00',1017,146,2,0.00),('0000-00-00 00:00:00','0000-00-00 00:00:00',1018,146,3,0.00),('0000-00-00 00:00:00','0000-00-00 00:00:00',1019,146,4,70.00),('0000-00-00 00:00:00','0000-00-00 00:00:00',1020,146,5,0.00),('0000-00-00 00:00:00','0000-00-00 00:00:00',1021,146,6,0.00),('0000-00-00 00:00:00','0000-00-00 00:00:00',1022,146,7,0.00),('0000-00-00 00:00:00','0000-00-00 00:00:00',1023,147,1,450.00),('0000-00-00 00:00:00','0000-00-00 00:00:00',1024,147,2,0.00),('0000-00-00 00:00:00','0000-00-00 00:00:00',1025,147,3,0.00),('0000-00-00 00:00:00','0000-00-00 00:00:00',1026,147,4,315.00),('0000-00-00 00:00:00','0000-00-00 00:00:00',1027,147,5,0.00),('0000-00-00 00:00:00','0000-00-00 00:00:00',1028,147,6,0.00),('0000-00-00 00:00:00','0000-00-00 00:00:00',1029,147,7,0.00),('0000-00-00 00:00:00','0000-00-00 00:00:00',1030,148,1,150.00),('0000-00-00 00:00:00','0000-00-00 00:00:00',1031,148,2,0.00),('0000-00-00 00:00:00','0000-00-00 00:00:00',1032,148,3,0.00),('0000-00-00 00:00:00','0000-00-00 00:00:00',1033,148,4,105.00),('0000-00-00 00:00:00','0000-00-00 00:00:00',1034,148,5,0.00),('0000-00-00 00:00:00','0000-00-00 00:00:00',1035,148,6,0.00),('0000-00-00 00:00:00','0000-00-00 00:00:00',1036,148,7,0.00),('0000-00-00 00:00:00','0000-00-00 00:00:00',1037,149,1,350.00),('0000-00-00 00:00:00','0000-00-00 00:00:00',1038,149,2,0.00),('0000-00-00 00:00:00','0000-00-00 00:00:00',1039,149,3,0.00),('0000-00-00 00:00:00','0000-00-00 00:00:00',1040,149,4,245.00),('0000-00-00 00:00:00','0000-00-00 00:00:00',1041,149,5,0.00),('0000-00-00 00:00:00','0000-00-00 00:00:00',1042,149,6,0.00),('0000-00-00 00:00:00','0000-00-00 00:00:00',1043,149,7,0.00),('0000-00-00 00:00:00','0000-00-00 00:00:00',1044,150,1,0.00),('0000-00-00 00:00:00','0000-00-00 00:00:00',1045,150,2,0.00),('0000-00-00 00:00:00','0000-00-00 00:00:00',1046,150,3,0.00),('0000-00-00 00:00:00','0000-00-00 00:00:00',1047,150,4,0.00),('0000-00-00 00:00:00','0000-00-00 00:00:00',1048,150,5,0.00),('0000-00-00 00:00:00','0000-00-00 00:00:00',1049,150,6,0.00),('0000-00-00 00:00:00','0000-00-00 00:00:00',1050,150,7,0.00),('0000-00-00 00:00:00','0000-00-00 00:00:00',1051,151,1,350.00),('0000-00-00 00:00:00','0000-00-00 00:00:00',1052,151,2,0.00),('0000-00-00 00:00:00','0000-00-00 00:00:00',1053,151,3,0.00),('0000-00-00 00:00:00','0000-00-00 00:00:00',1054,151,4,245.00),('0000-00-00 00:00:00','0000-00-00 00:00:00',1055,151,5,0.00),('0000-00-00 00:00:00','0000-00-00 00:00:00',1056,151,6,0.00),('0000-00-00 00:00:00','0000-00-00 00:00:00',1057,151,7,0.00),('0000-00-00 00:00:00','0000-00-00 00:00:00',1058,152,1,150.00),('0000-00-00 00:00:00','0000-00-00 00:00:00',1059,152,2,0.00),('0000-00-00 00:00:00','0000-00-00 00:00:00',1060,152,3,0.00),('0000-00-00 00:00:00','0000-00-00 00:00:00',1061,152,4,105.00),('0000-00-00 00:00:00','0000-00-00 00:00:00',1062,152,5,0.00),('0000-00-00 00:00:00','0000-00-00 00:00:00',1063,152,6,0.00),('0000-00-00 00:00:00','0000-00-00 00:00:00',1064,152,7,0.00),('0000-00-00 00:00:00','0000-00-00 00:00:00',1065,153,1,200.00),('0000-00-00 00:00:00','0000-00-00 00:00:00',1066,153,2,0.00),('0000-00-00 00:00:00','0000-00-00 00:00:00',1067,153,3,0.00),('0000-00-00 00:00:00','0000-00-00 00:00:00',1068,153,4,140.00),('0000-00-00 00:00:00','0000-00-00 00:00:00',1069,153,5,0.00),('0000-00-00 00:00:00','0000-00-00 00:00:00',1070,153,6,0.00),('0000-00-00 00:00:00','0000-00-00 00:00:00',1071,153,7,0.00),('0000-00-00 00:00:00','0000-00-00 00:00:00',1072,154,1,0.00),('0000-00-00 00:00:00','0000-00-00 00:00:00',1073,154,2,0.00),('0000-00-00 00:00:00','0000-00-00 00:00:00',1074,154,3,0.00),('0000-00-00 00:00:00','0000-00-00 00:00:00',1075,154,4,0.00),('0000-00-00 00:00:00','0000-00-00 00:00:00',1076,154,5,0.00),('0000-00-00 00:00:00','0000-00-00 00:00:00',1077,154,6,0.00),('0000-00-00 00:00:00','0000-00-00 00:00:00',1078,154,7,0.00),('0000-00-00 00:00:00','0000-00-00 00:00:00',1079,155,1,580.00),('0000-00-00 00:00:00','0000-00-00 00:00:00',1080,155,2,0.00),('0000-00-00 00:00:00','0000-00-00 00:00:00',1081,155,3,0.00),('0000-00-00 00:00:00','0000-00-00 00:00:00',1082,155,4,0.00),('0000-00-00 00:00:00','0000-00-00 00:00:00',1083,155,5,0.00),('0000-00-00 00:00:00','0000-00-00 00:00:00',1084,155,6,0.00),('0000-00-00 00:00:00','0000-00-00 00:00:00',1085,155,7,0.00);
/*!40000 ALTER TABLE `precios` ENABLE KEYS */;
UNLOCK TABLES;

--
-- Table structure for table `presupuestos`
--

DROP TABLE IF EXISTS `presupuestos`;
/*!40101 SET @saved_cs_client     = @@character_set_client */;
/*!40101 SET character_set_client = utf8 */;
CREATE TABLE `presupuestos` (
  `created_at` timestamp NOT NULL DEFAULT '0000-00-00 00:00:00',
  `updated_at` timestamp NOT NULL DEFAULT '0000-00-00 00:00:00',
  `id` int(10) unsigned NOT NULL AUTO_INCREMENT,
  `nombre` varchar(255) COLLATE utf8_unicode_ci NOT NULL,
  `aceptado` tinyint(1) NOT NULL DEFAULT '0',
  `numerohistoria` int(11) NOT NULL,
  `user_id` int(11) NOT NULL,
  `profesional_id` int(11) NOT NULL,
  `descuento` double NOT NULL,
  `tipodescuento` char(1) COLLATE utf8_unicode_ci NOT NULL DEFAULT 'E',
  PRIMARY KEY (`id`)
) ENGINE=InnoDB AUTO_INCREMENT=14 DEFAULT CHARSET=utf8 COLLATE=utf8_unicode_ci;
/*!40101 SET character_set_client = @saved_cs_client */;

--
-- Dumping data for table `presupuestos`
--

LOCK TABLES `presupuestos` WRITE;
/*!40000 ALTER TABLE `presupuestos` DISABLE KEYS */;
INSERT INTO `presupuestos` VALUES ('2014-12-15 20:24:33','2014-12-15 20:24:33',9,'primer presupuesto',0,7947,1,1,0,'E'),('2014-12-12 23:00:00','2014-12-13 23:00:00',10,'segundo presu',0,7947,1,1,0,'E'),('2015-02-18 08:16:21','2015-02-19 10:11:42',11,'CONSERVADORA',1,1199,1,2,0,'E'),('2015-02-19 10:11:14','2015-02-19 10:11:14',12,'CONSERVADORA',0,1199,1,1,0,'E'),('2015-03-02 10:06:37','2015-03-02 10:06:37',13,'CONSERVADORA. OBTURACION COMPLEJA',0,2482,1,1,0,'E');
/*!40000 ALTER TABLE `presupuestos` ENABLE KEYS */;
UNLOCK TABLES;

--
-- Table structure for table `presupuestos_tratamientos`
--

DROP TABLE IF EXISTS `presupuestos_tratamientos`;
/*!40101 SET @saved_cs_client     = @@character_set_client */;
/*!40101 SET character_set_client = utf8 */;
CREATE TABLE `presupuestos_tratamientos` (
  `id` int(10) unsigned NOT NULL AUTO_INCREMENT,
  `presupuesto_id` varchar(255) COLLATE utf8_unicode_ci NOT NULL,
  `tratamiento_id` varchar(255) COLLATE utf8_unicode_ci NOT NULL,
  `unidades` int(11) NOT NULL,
  `descuento` double NOT NULL,
  `estado` int(11) NOT NULL,
  `tipodescuento` char(1) COLLATE utf8_unicode_ci NOT NULL DEFAULT 'E',
  `piezas` varchar(20) COLLATE utf8_unicode_ci DEFAULT NULL,
  PRIMARY KEY (`id`)
) ENGINE=InnoDB AUTO_INCREMENT=12 DEFAULT CHARSET=utf8 COLLATE=utf8_unicode_ci;
/*!40101 SET character_set_client = @saved_cs_client */;

--
-- Dumping data for table `presupuestos_tratamientos`
--

LOCK TABLES `presupuestos_tratamientos` WRITE;
/*!40000 ALTER TABLE `presupuestos_tratamientos` DISABLE KEYS */;
INSERT INTO `presupuestos_tratamientos` VALUES (1,'9','61',1,10,0,'E',NULL),(2,'9','154',1,0,0,'E',NULL),(3,'10','61',1,0,0,'E',NULL),(4,'10','154',1,0,0,'E',NULL),(5,'10','61',1,0,0,'E',NULL),(6,'11','1',1,0,0,'E','21'),(7,'12','1',1,0,0,'E',NULL),(8,'12','1',0,0,0,'E',''),(9,'13','1',1,0,0,'E','47'),(10,'13','1',7,0,0,'E','31,32,33,41,43,45,47'),(11,'13','1',0,0,0,'E','');
/*!40000 ALTER TABLE `presupuestos_tratamientos` ENABLE KEYS */;
UNLOCK TABLES;

--
-- Table structure for table `profesionales`
--

DROP TABLE IF EXISTS `profesionales`;
/*!40101 SET @saved_cs_client     = @@character_set_client */;
/*!40101 SET character_set_client = utf8 */;
CREATE TABLE `profesionales` (
  `created_at` timestamp NOT NULL DEFAULT '0000-00-00 00:00:00',
  `updated_at` timestamp NOT NULL DEFAULT '0000-00-00 00:00:00',
  `id` int(10) unsigned NOT NULL AUTO_INCREMENT,
  `nombre` varchar(255) COLLATE utf8_unicode_ci NOT NULL,
  `apellido1` varchar(255) COLLATE utf8_unicode_ci NOT NULL,
  `apellido2` varchar(255) COLLATE utf8_unicode_ci NOT NULL,
  `especialidades_id` int(11) NOT NULL,
  PRIMARY KEY (`id`)
) ENGINE=InnoDB AUTO_INCREMENT=13 DEFAULT CHARSET=utf8 COLLATE=utf8_unicode_ci;
/*!40101 SET character_set_client = @saved_cs_client */;

--
-- Dumping data for table `profesionales`
--

LOCK TABLES `profesionales` WRITE;
/*!40000 ALTER TABLE `profesionales` DISABLE KEYS */;
INSERT INTO `profesionales` VALUES ('2015-01-13 18:18:19','2015-01-13 18:18:19',1,'María','Cano','Gámez',4),('2015-01-13 18:18:38','2015-01-13 18:18:38',2,'Laura','Nuño','Fortes',4),('2015-01-13 18:19:05','2015-01-13 18:19:05',3,'Dr. Primitivo','de la Quintana','Beltrán',1),('2015-01-13 18:19:15','2015-01-13 18:19:15',4,'Dr. ','Miranda','',1),('2015-01-13 18:19:43','2015-01-13 18:19:43',5,'Dra.','Urbano','',1),('2015-01-13 18:19:53','2015-01-13 18:19:53',6,'Dr.','Fernández','',2),('2015-01-13 18:20:48','2015-01-13 18:20:48',7,'Dr.','Palma','',2),('2015-01-13 18:21:35','2015-01-13 18:21:35',8,'Dra.','Jimena','',2),('2015-01-13 18:21:45','2015-01-13 18:21:45',9,'Dr.','Laureano','',2),('2015-01-13 18:21:55','2015-01-13 18:21:55',10,'Dra.','Cañete','',2),('2015-01-13 18:22:27','2015-01-13 18:22:27',11,'Mª Carmen','Berlanga','Santamaría',3),('2015-01-13 18:23:08','2015-01-13 18:23:08',12,'Macarena','Callejón','',3);
/*!40000 ALTER TABLE `profesionales` ENABLE KEYS */;
UNLOCK TABLES;

--
-- Table structure for table `tipostratamientos`
--

DROP TABLE IF EXISTS `tipostratamientos`;
/*!40101 SET @saved_cs_client     = @@character_set_client */;
/*!40101 SET character_set_client = utf8 */;
CREATE TABLE `tipostratamientos` (
  `id` int(10) unsigned NOT NULL AUTO_INCREMENT,
  `tipo` varchar(255) COLLATE utf8_unicode_ci NOT NULL,
  PRIMARY KEY (`id`)
) ENGINE=InnoDB AUTO_INCREMENT=5 DEFAULT CHARSET=utf8 COLLATE=utf8_unicode_ci;
/*!40101 SET character_set_client = @saved_cs_client */;

--
-- Dumping data for table `tipostratamientos`
--

LOCK TABLES `tipostratamientos` WRITE;
/*!40000 ALTER TABLE `tipostratamientos` DISABLE KEYS */;
INSERT INTO `tipostratamientos` VALUES (1,'Pieza'),(2,'General'),(3,'Puente'),(4,'Cuadrante');
/*!40000 ALTER TABLE `tipostratamientos` ENABLE KEYS */;
UNLOCK TABLES;

--
-- Table structure for table `tratamientos`
--

DROP TABLE IF EXISTS `tratamientos`;
/*!40101 SET @saved_cs_client     = @@character_set_client */;
/*!40101 SET character_set_client = utf8 */;
CREATE TABLE `tratamientos` (
  `created_at` timestamp NOT NULL DEFAULT '0000-00-00 00:00:00',
  `updated_at` timestamp NOT NULL DEFAULT '0000-00-00 00:00:00',
  `id` int(10) unsigned NOT NULL AUTO_INCREMENT,
  `codigo` varchar(255) COLLATE utf8_unicode_ci NOT NULL,
  `nombre` varchar(255) COLLATE utf8_unicode_ci NOT NULL,
  `precio_base` float(8,2) NOT NULL,
  `activo` int(11) NOT NULL,
  `tipostratamientos_id` tinyint(1) NOT NULL,
  `grupostratamientos_id` tinyint(1) NOT NULL,
  PRIMARY KEY (`id`)
) ENGINE=InnoDB AUTO_INCREMENT=156 DEFAULT CHARSET=utf8 COLLATE=utf8_unicode_ci;
/*!40101 SET character_set_client = @saved_cs_client */;

--
-- Dumping data for table `tratamientos`
--

LOCK TABLES `tratamientos` WRITE;
/*!40000 ALTER TABLE `tratamientos` DISABLE KEYS */;
INSERT INTO `tratamientos` VALUES ('2015-03-04 15:42:48','2015-03-10 15:43:14',2,'119000001','Consulta-Presupuesto',0.00,1,2,15),('2015-03-04 15:42:48','2015-03-10 15:37:34',3,'119000002','Revisión-Prueba',0.00,1,2,15),('2015-03-04 15:42:49','2015-03-04 15:42:49',4,'119001458','Rx Periapical',0.00,1,0,15),('2015-03-04 15:42:49','2015-03-04 15:42:49',5,'no existe','Ortopantomografía',43.00,1,3,15),('2015-03-04 15:42:50','2015-03-04 15:42:50',6,'no existe','Teleradiografía',43.00,1,0,15),('2015-03-04 15:42:50','2015-03-04 15:42:50',8,'119001460','Limpieza-Tartrectomía-Profilaxis',60.00,1,0,1),('2015-03-04 15:42:51','2015-03-04 15:42:51',9,'119001464','Fluoración (sesión)',24.00,1,0,1),('2015-03-04 15:42:51','2015-03-04 15:42:51',10,'119001471','Sellado de fosas y fisuras (pieza)',24.00,1,0,1),('2015-03-04 15:42:52','2015-03-04 15:42:52',11,'11900479','Pulpectomía',90.00,1,0,1),('2015-03-04 15:42:52','2015-03-04 15:42:52',12,'11900478','Pulpotomía',70.00,1,0,1),('2015-03-04 15:42:52','2015-03-04 15:42:52',13,'11900480F','Mantenedor de espacio',176.00,1,0,1),('2015-03-04 15:42:53','2015-03-04 15:42:53',14,'11900480R','Mantenedor de espacio',176.00,1,0,1),('2015-03-04 15:42:53','2015-03-04 15:42:53',15,'11900481','Apicoformacion (por sesión)',120.00,1,0,1),('2015-03-04 15:42:54','2015-03-04 15:42:54',17,'119001470','Obturación simple',36.00,1,0,2),('2015-03-04 15:42:54','2015-03-04 15:42:54',18,'11900471','Obturación compleja  (Reconstrucción compleja = mapfre)',60.00,1,0,2),('2015-03-04 15:42:55','2015-03-04 15:42:55',19,'119001472','Obturación simple en diente temporal',60.00,1,0,2),('2015-03-04 15:42:55','2015-03-04 15:42:55',20,'11900472','Reconstrucción (Reconstrucción con pin = mapfre)',78.00,1,0,2),('2015-03-04 15:42:55','2015-03-04 15:42:55',21,'11906988','Reconstrucción diente temporal',78.00,1,0,2),('2015-03-04 15:42:56','2015-03-04 15:42:56',23,'11907011','Apertura cameral',60.00,1,0,3),('2015-03-04 15:42:56','2015-03-04 15:42:56',24,'11900473','Endodoncia 1 conducto',117.00,1,0,3),('2015-03-04 15:42:57','2015-03-04 15:42:57',25,'11900474','Endodoncia 2 conductos',156.00,1,0,3),('2015-03-04 15:42:57','2015-03-04 15:42:57',26,'11900475','Endodoncia 3 conductos',195.00,1,0,3),('2015-03-04 15:42:58','2015-03-04 15:42:58',27,'11900476','Reendodoncia 1 conducto',143.00,1,0,3),('2015-03-04 15:42:58','2015-03-04 15:42:58',28,'119000519','Reendodoncia 2 conductos',182.00,1,0,3),('2015-03-04 15:42:59','2015-03-04 15:42:59',29,'119000520','Reendodoncia 3 conductos',208.00,1,0,3),('2015-03-04 15:43:00','2015-03-04 15:43:00',31,'119001459','Exodoncia simple',45.00,1,0,4),('2015-03-04 15:43:00','2015-03-04 15:43:00',32,'119000920','Exodoncia cordal',75.00,1,0,4),('2015-03-04 15:43:00','2015-03-04 15:43:00',33,'11900919','Resto radicular',45.00,1,0,4),('2015-03-04 15:43:01','2015-03-04 15:43:01',34,'119000921','Exodoncia cordal semi-incluido',150.00,1,0,4),('2015-03-04 15:43:01','2015-03-04 15:43:01',35,'119003165','Exodoncia cordal incluido',250.00,1,0,4),('2015-03-04 15:43:01','2015-03-04 15:43:01',36,'119000929','Apiceptomía (por pieza)',155.00,1,0,4),('2015-03-04 15:43:02','2015-03-04 15:43:02',37,'119000973','Quistectomía',75.00,1,0,4),('2015-03-04 15:43:02','2015-03-04 15:43:02',39,'11900483','Periodontograma',80.00,1,0,5),('2015-03-04 15:43:03','2015-03-04 15:43:03',40,'119001462','Curetaje (por pieza)',11.00,1,0,5),('2015-03-04 15:43:03','2015-03-04 15:43:03',41,'119001461','Curetaje (por cuadrante)',80.00,1,0,5),('2015-03-04 15:43:03','2015-03-04 15:43:03',42,'11200937','Gingivectomía (por cuadrante)',90.00,1,0,5),('2015-03-04 15:43:04','2015-03-04 15:43:04',43,'11900487','Gingivectomía (por pieza)',30.00,1,0,5),('2015-03-04 15:43:04','2015-03-04 15:43:04',44,'11900484','Tratamiento periodontal de mantenimiento (por cuadrante)',90.00,1,0,5),('2015-03-04 15:43:05','2015-03-04 15:43:05',45,'11900490','Ferulización periodontal',50.00,1,0,5),('2015-03-04 15:43:05','2015-03-04 15:43:05',46,'11900486','Membrana',0.00,1,0,5),('2015-03-04 15:43:05','2015-03-04 15:43:05',47,'11900488','Tejido conectivo-relleno oseo',0.00,1,0,5),('2015-03-04 15:43:06','2015-03-04 15:43:06',48,'11900489','Alargamiento coronario',0.00,1,0,5),('2015-03-04 15:43:06','2015-03-04 15:43:06',50,'11900491','Prótesis completa superior o inferior',600.00,1,0,6),('2015-03-04 15:43:07','2015-03-04 15:43:07',51,'11900492','Parcial acrílico de 1 a 3 piezas',322.00,1,0,6),('2015-03-04 15:43:07','2015-03-04 15:43:07',52,'11900492','Parcial acrílico de 4 a 6 piezas',380.00,1,0,6),('2015-03-04 15:43:07','2015-03-04 15:43:07',53,'11900495','Base parcial esquelético',362.00,1,0,6),('2015-03-04 15:43:08','2015-03-04 15:43:08',54,'119000523','Piezas esquelético',52.00,1,0,6),('2015-03-04 15:43:08','2015-03-04 15:43:08',55,'11900493','Compostura acrílico',88.00,1,0,6),('2015-03-04 15:43:09','2015-03-04 15:43:09',56,'11900494','Compostura esquelético',110.00,1,0,6),('2015-03-04 15:43:09','2015-03-04 15:43:09',57,'11900496A mirar original','Reponer piezas',88.00,1,0,6),('2015-03-04 15:43:10','2015-03-04 15:43:10',58,'11900496E mirar original','Reponer piezas',88.00,1,0,6),('2015-03-04 15:43:10','2015-03-04 15:43:10',59,'no existe','Refuerzo metálico',88.00,1,0,6),('2015-03-04 15:43:11','2015-03-04 15:43:11',60,'11900497','Rebase',150.00,1,0,6),('2015-03-04 15:43:11','2015-03-04 15:43:11',61,'11900498','Ataches metálicos (x unidad)',221.00,1,0,6),('2015-03-04 15:43:12','2015-03-04 15:43:12',63,'119001467','Tallado selectivo (sesión)',88.00,1,0,7),('2015-03-04 15:43:13','2015-03-04 15:43:13',64,'11900477','Perno muñón colado uni-birradicular',100.00,1,0,7),('2015-03-04 15:43:13','2015-03-04 15:43:13',65,'119000524','Perno muñón colado multirradicular',150.00,1,0,7),('2015-03-04 15:43:13','2015-03-04 15:43:13',66,'11900499','Provisional resina (pieza)= corona provisional',50.00,1,0,7),('2015-03-04 15:43:14','2015-03-04 15:43:14',67,'11900500','Corona metal cerámica-porcelana',350.00,1,0,7),('2015-03-04 15:43:14','2015-03-04 15:43:14',68,'11900501','Corona zirconio',450.00,1,0,7),('2015-03-04 15:43:14','2015-03-04 15:43:14',69,'11900502','Corona feldespática (sin cofia)',450.00,1,0,7),('2015-03-04 15:43:15','2015-03-04 15:43:15',70,'11900503','Corona feldespática (con cofia de cristal)',450.00,1,0,7),('2015-03-04 15:43:15','2015-03-04 15:43:15',71,'11900504','Corona de galvano',450.00,1,0,7),('2015-03-04 15:43:15','2015-03-04 15:43:15',72,'11900507','Carilla de composite',160.00,1,0,7),('2015-03-04 15:43:16','2015-03-04 15:43:16',73,'11900508','Carilla de porcelana',450.00,1,0,7),('2015-03-04 15:43:17','2015-03-04 15:43:17',74,'11900506','Incrustaciones de Composite',118.00,1,0,7),('2015-03-04 15:43:17','2015-03-04 15:43:17',75,'11900505','Incrustaciones de Porcelana',331.00,1,0,7),('2015-03-04 15:43:17','2015-03-04 15:43:17',76,'11900307','Levantar corona o puente (por pieza)',26.00,1,0,7),('2015-03-04 15:43:18','2015-03-04 15:43:18',77,'11900527','Recementado de coronas',33.00,1,0,7),('2015-03-04 15:43:18','2015-03-04 15:43:18',78,'LDA00478','Encerado ( por pieza)',12.00,1,0,7),('2015-03-04 15:43:19','2015-03-04 15:43:19',80,'11900930','Corona sobre implante',625.00,1,0,8),('2015-03-04 15:43:19','2015-03-04 15:43:19',81,'119000525','Corona sobre implante estética ( de canino a canino)',650.00,1,0,8),('2015-03-04 15:43:20','2015-03-04 15:43:20',82,'11900931','Sobredentadura',3120.00,1,0,8),('2015-03-04 15:43:21','2015-03-04 15:43:21',83,'11900932','Atache sobredentadura',350.00,1,0,8),('2015-03-04 15:43:21','2015-03-04 15:43:21',84,'11900933','Protesis fija híbrida',4200.00,1,0,8),('2015-03-04 15:43:22','2015-03-04 15:43:22',85,'119000012','Revisión anual. Prótesis Híbrida (1 prótesis)',114.00,1,0,8),('2015-03-04 15:43:22','2015-03-04 15:43:22',86,'119000013','Revisión anual. Prótesis Híbrida (2 prótesis)',180.00,1,0,8),('2015-03-04 15:43:23','2015-03-04 15:43:23',88,'11900526','Blanqueamiento interno (por diente)',50.00,1,0,9),('2015-03-04 15:43:23','2015-03-04 15:43:23',89,'11907010','Blanqueamiento por arcada (en clinica y en casa)= combinado',500.00,1,0,9),('2015-03-04 15:43:24','2015-03-04 15:43:24',90,'11907009','Blanqueamiento por arcada (en casa)',350.00,1,0,9),('2015-03-04 15:43:24','2015-03-04 15:43:24',92,'119001468','Férula de descarga',325.00,1,0,10),('2015-03-04 15:43:25','2015-03-04 15:43:25',93,'119001469','Control férula',40.00,1,0,10),('2015-03-04 15:43:25','2015-03-04 15:43:25',94,'11900533','Férula dental blanda deportiva',162.00,1,0,10),('2015-03-04 15:43:25','2015-03-04 15:43:25',95,'119000540','ESTUDIO ATM',150.00,1,0,10),('2015-03-04 15:43:26','2015-03-04 15:43:26',96,'119001473','FERULA DE ROTH',500.00,1,0,10),('2015-03-04 15:43:26','2015-03-04 15:43:26',97,'119000011','REVISIONES FERULA DE ROTH',75.00,1,0,10),('2015-03-04 15:43:28','2015-03-04 15:43:28',102,'119000007','Consulta de ortodoncia',20.00,1,0,16),('2015-03-04 15:43:28','2015-03-04 15:43:28',103,'11900509','Estudio de ortodoncia',150.00,1,0,16),('2015-03-04 15:43:29','2015-03-04 15:43:29',105,'11900510','Disyuntor',400.00,1,0,11),('2015-03-04 15:43:30','2015-03-04 15:43:30',106,'11900511','Quad Hélix',200.00,1,0,11),('2015-03-04 15:43:30','2015-03-04 15:43:30',107,'no existe','Barra transpalatina, Arco lingual, Nance',0.00,1,0,11),('2015-03-04 15:43:30','2015-03-04 15:43:30',108,'11900512','Extra ortopedia con máscara facial o mentonera de tracción',200.00,1,0,11),('2015-03-04 15:43:31','2015-03-04 15:43:31',109,'11900513','Aparatología funcional removible',400.00,1,0,11),('2015-03-04 15:43:31','2015-03-04 15:43:31',110,'119000517','Aparatología funcional fija (Herbst)',400.00,1,0,11),('2015-03-04 15:43:34','2015-03-04 15:43:34',111,'11900480','Mantenedor de espacio',150.00,1,0,11),('2015-03-04 15:43:35','2015-03-04 15:43:35',112,'11900525','Visita mensual 1ª fase',40.00,1,0,11),('2015-03-04 15:43:36','2015-03-04 15:43:36',115,'119000517x1','Ortodoncia fija. Montaje sup e inf.',350.00,1,0,12),('2015-03-04 15:43:36','2015-03-04 15:43:36',116,'119000517x2','Ortodoncia fija. Montaje sup e inf.',700.00,1,0,12),('2015-03-04 15:43:36','2015-03-04 15:43:36',117,'119000516','Visita mensual',80.00,1,0,12),('2015-03-04 15:43:37','2015-03-04 15:43:37',118,'11900517','Retención (por aparato)',150.00,1,0,12),('2015-03-04 15:43:37','2015-03-04 15:43:37',119,'11900518','Visita retención (al mes, 3meses,6meses y al año)',40.00,1,0,12),('2015-03-04 15:43:38','2015-03-04 15:43:38',120,'11900519','Suplemento brackets estéticos (por arcada)',200.00,1,0,12),('2015-03-04 15:43:38','2015-03-04 15:43:38',121,'11900520','Pérdida de brackets estéticos',30.00,1,0,12),('2015-03-04 15:43:39','2015-03-04 15:43:39',122,'11900521','Pérdida de brackets metálicos',15.00,1,0,12),('2015-03-04 15:43:39','2015-03-04 15:43:39',123,'no existe','Microtornillo',300.00,1,0,12),('2015-03-04 15:43:40','2015-03-04 15:43:40',124,'no existe','Reposición del aparato por pérdida, desgaste o rotura',150.00,1,0,12),('2015-03-04 15:43:40','2015-03-04 15:43:40',125,'no existe','Reposición de retención fija por pérdida, desgaste o rotura',150.00,1,0,12),('2015-03-04 15:43:40','2015-03-04 15:43:40',126,'no existe','Revisiones en período de latencia o descanso',0.00,1,0,12),('2015-03-04 15:43:42','2015-03-04 15:43:42',129,'11200001','Consulta-Presupuesto',20.00,1,0,17),('2015-03-04 15:43:42','2015-03-04 15:43:42',130,'11200002','Revisión-Prueba',0.00,1,0,17),('2015-03-04 15:43:43','2015-03-04 15:43:43',132,'112000934','Cirugía canino incluido. Extracción',350.00,1,0,18),('2015-03-04 15:43:43','2015-03-04 15:43:43',133,'11200918','Exodoncia simple',45.00,1,0,18),('2015-03-04 15:43:43','2015-03-04 15:43:43',134,'112000920','Exodoncia cordal-Resto radicular',75.00,1,0,18),('2015-03-04 15:43:44','2015-03-04 15:43:44',135,'11200922','Exodoncia cordal semi-incluido',150.00,1,0,18),('2015-03-04 15:43:44','2015-03-04 15:43:44',136,'112000932','Exodoncia cordal incluido',250.00,1,0,18),('2015-03-04 15:43:45','2015-03-04 15:43:45',137,'112000941','Exodoncia otras piezas incluidas',150.00,1,0,18),('2015-03-04 15:43:46','2015-03-04 15:43:46',139,'112000929','Apiceptomía',150.00,1,0,14),('2015-03-04 15:43:46','2015-03-04 15:43:46',140,'112000973','Quistectomía',75.00,1,0,14),('2015-03-04 15:43:46','2015-03-04 15:43:46',141,'11200928','Implante dental',900.00,1,0,14),('2015-03-04 15:43:47','2015-03-04 15:43:47',142,'11200929','Elevación de seno traumática (unilateral)(incluye hueso-membrana)',900.00,1,0,14),('2015-03-04 15:43:47','2015-03-04 15:43:47',143,'no existe','Elevación de seno atraumática (unilateral)(incluye hueso)',500.00,1,0,14),('2015-03-04 15:43:47','2015-03-04 15:43:47',144,'112003028','Torus maxilomanduibular',350.00,1,0,14),('2015-03-04 15:43:48','2015-03-04 15:43:48',145,'11200925','Epulis y fibromas (Incluye AP)',350.00,1,0,14),('2015-03-04 15:43:48','2015-03-04 15:43:48',146,'11200934','Verugas faciales',100.00,1,0,14),('2015-03-04 15:43:49','2015-03-04 15:43:49',147,'11200936','Rellenos Faciales con Ácido Hialurónico',450.00,1,0,14),('2015-03-04 15:43:49','2015-03-04 15:43:49',148,'112000717','Frenectomía labial o lingual',150.00,1,0,14),('2015-03-04 15:43:49','2015-03-04 15:43:49',149,'112000303','Biopsia cavidad oral (Incluye AP)',350.00,1,0,14),('2015-03-04 15:43:50','2015-03-04 15:43:50',150,'112000937','Gingivectomía (por cuadrante)',0.00,1,0,14),('2015-03-04 15:43:50','2015-03-04 15:43:50',151,'112000957','Gingivectomía total',350.00,1,0,14),('2015-03-04 15:43:51','2015-03-04 15:43:51',152,'112000716','Cuerpos extraños superficiales cara y cuello. Extracción',150.00,1,0,14),('2015-03-04 15:43:51','2015-03-04 15:43:51',153,'112000952','Cuerpos extraños profundos cara y cuello. Extracción',200.00,1,0,14),('2015-03-04 15:43:51','2015-03-04 15:43:51',154,'no existe','Cirugía ortognática??',0.00,1,0,14),('2015-03-04 15:43:52','2015-03-04 15:43:52',155,'11900488','INJERTO TEJIDO CONECTIVO',580.00,1,0,14);
/*!40000 ALTER TABLE `tratamientos` ENABLE KEYS */;
UNLOCK TABLES;

--
-- Table structure for table `turnos`
--

DROP TABLE IF EXISTS `turnos`;
/*!40101 SET @saved_cs_client     = @@character_set_client */;
/*!40101 SET character_set_client = utf8 */;
CREATE TABLE `turnos` (
  `id` int(10) unsigned NOT NULL AUTO_INCREMENT,
  `created_at` timestamp NOT NULL DEFAULT '0000-00-00 00:00:00',
  `updated_at` timestamp NOT NULL DEFAULT '0000-00-00 00:00:00',
  `fecha_turno` date NOT NULL,
  `profesional_id` int(11) NOT NULL,
  PRIMARY KEY (`id`)
) ENGINE=InnoDB AUTO_INCREMENT=187 DEFAULT CHARSET=utf8 COLLATE=utf8_unicode_ci;
/*!40101 SET character_set_client = @saved_cs_client */;

--
-- Dumping data for table `turnos`
--

LOCK TABLES `turnos` WRITE;
/*!40000 ALTER TABLE `turnos` DISABLE KEYS */;
INSERT INTO `turnos` VALUES (1,'2015-03-02 16:40:41','2015-03-02 16:40:41','2015-03-01',1),(2,'2015-03-02 16:40:41','2015-03-02 16:40:41','2015-03-02',1),(3,'2015-03-02 16:40:41','2015-03-02 16:40:41','2015-03-03',1),(4,'2015-03-02 16:40:41','2015-03-02 16:40:41','2015-03-04',1),(5,'2015-03-02 16:40:41','2015-03-02 16:40:41','2015-03-05',1),(6,'2015-03-02 16:40:41','2015-03-02 16:40:41','2015-03-06',1),(7,'2015-03-02 16:40:41','2015-03-02 16:40:41','2015-03-07',1),(8,'2015-03-02 16:40:41','2015-03-02 16:40:41','2015-03-08',1),(9,'2015-03-02 16:40:41','2015-03-02 16:40:41','2015-03-09',1),(10,'2015-03-02 16:40:42','2015-03-02 16:40:42','2015-03-10',1),(11,'2015-03-02 16:40:42','2015-03-02 16:40:42','2015-03-11',1),(12,'2015-03-02 16:40:42','2015-03-02 16:40:42','2015-03-12',1),(13,'2015-03-02 16:40:42','2015-03-02 16:40:42','2015-03-13',1),(14,'2015-03-02 16:40:42','2015-03-02 16:40:42','2015-03-14',1),(15,'2015-03-02 16:40:42','2015-03-02 16:40:42','2015-03-15',3),(16,'2015-03-02 16:40:42','2015-03-02 16:40:42','2015-03-16',2),(17,'2015-03-02 16:40:42','2015-03-02 16:40:42','2015-03-17',1),(18,'2015-03-02 16:40:42','2015-03-02 16:40:42','2015-03-18',1),(19,'2015-03-02 16:40:42','2015-03-02 16:40:42','2015-03-19',1),(20,'2015-03-02 16:40:42','2015-03-02 16:40:42','2015-03-20',1),(21,'2015-03-02 16:40:42','2015-03-02 16:40:42','2015-03-21',1),(22,'2015-03-02 16:40:42','2015-03-02 16:40:42','2015-03-22',1),(23,'2015-03-02 16:40:42','2015-03-02 16:40:42','2015-03-23',1),(24,'2015-03-02 16:40:42','2015-03-02 16:40:42','2015-03-24',3),(25,'2015-03-02 16:40:42','2015-03-02 16:40:42','2015-03-25',1),(26,'2015-03-02 16:40:42','2015-03-02 16:40:42','2015-03-26',3),(27,'2015-03-02 16:40:42','2015-03-02 16:40:42','2015-03-27',1),(28,'2015-03-02 16:40:42','2015-03-02 16:40:42','2015-03-28',1),(29,'2015-03-02 16:40:42','2015-03-02 16:40:42','2015-03-29',1),(30,'2015-03-02 16:40:42','2015-03-02 16:40:42','2015-03-30',1),(31,'2015-03-02 16:40:42','2015-03-02 16:40:42','2015-03-31',1),(32,'2015-03-02 16:43:40','2015-03-02 16:43:40','2015-03-01',1),(33,'2015-03-02 16:43:40','2015-03-02 16:43:40','2015-03-02',1),(34,'2015-03-02 16:43:40','2015-03-02 16:43:40','2015-03-03',1),(35,'2015-03-02 16:43:41','2015-03-02 16:43:41','2015-03-04',1),(36,'2015-03-02 16:43:41','2015-03-02 16:43:41','2015-03-05',1),(37,'2015-03-02 16:43:41','2015-03-02 16:43:41','2015-03-06',1),(38,'2015-03-02 16:43:41','2015-03-02 16:43:41','2015-03-07',1),(39,'2015-03-02 16:43:41','2015-03-02 16:43:41','2015-03-08',1),(40,'2015-03-02 16:43:41','2015-03-02 16:43:41','2015-03-09',1),(41,'2015-03-02 16:43:41','2015-03-02 16:43:41','2015-03-10',1),(42,'2015-03-02 16:43:41','2015-03-02 16:43:41','2015-03-11',1),(43,'2015-03-02 16:43:41','2015-03-02 16:43:41','2015-03-12',1),(44,'2015-03-02 16:43:41','2015-03-02 16:43:41','2015-03-13',1),(45,'2015-03-02 16:43:41','2015-03-02 16:43:41','2015-03-14',1),(46,'2015-03-02 16:43:41','2015-03-02 16:43:41','2015-03-15',1),(47,'2015-03-02 16:43:41','2015-03-02 16:43:41','2015-03-16',1),(48,'2015-03-02 16:43:41','2015-03-02 16:43:41','2015-03-17',1),(49,'2015-03-02 16:43:41','2015-03-02 16:43:41','2015-03-18',1),(50,'2015-03-02 16:43:41','2015-03-02 16:43:41','2015-03-19',1),(51,'2015-03-02 16:43:41','2015-03-02 16:43:41','2015-03-20',1),(52,'2015-03-02 16:43:41','2015-03-02 16:43:41','2015-03-21',1),(53,'2015-03-02 16:43:41','2015-03-02 16:43:41','2015-03-22',1),(54,'2015-03-02 16:43:41','2015-03-02 16:43:41','2015-03-23',1),(55,'2015-03-02 16:43:41','2015-03-02 16:43:41','2015-03-24',1),(56,'2015-03-02 16:43:41','2015-03-02 16:43:41','2015-03-25',1),(57,'2015-03-02 16:43:42','2015-03-02 16:43:42','2015-03-26',1),(58,'2015-03-02 16:43:42','2015-03-02 16:43:42','2015-03-27',1),(59,'2015-03-02 16:43:42','2015-03-02 16:43:42','2015-03-28',1),(60,'2015-03-02 16:43:42','2015-03-02 16:43:42','2015-03-29',1),(61,'2015-03-02 16:43:42','2015-03-02 16:43:42','2015-03-30',1),(62,'2015-03-02 16:43:42','2015-03-02 16:43:42','2015-03-31',1),(63,'2015-03-02 16:43:58','2015-03-02 16:43:58','2015-03-01',1),(64,'2015-03-02 16:43:58','2015-03-02 16:43:58','2015-03-02',1),(65,'2015-03-02 16:43:58','2015-03-02 16:43:58','2015-03-03',1),(66,'2015-03-02 16:43:58','2015-03-02 16:43:58','2015-03-04',1),(67,'2015-03-02 16:43:58','2015-03-02 16:43:58','2015-03-05',1),(68,'2015-03-02 16:43:58','2015-03-02 16:43:58','2015-03-06',1),(69,'2015-03-02 16:43:58','2015-03-02 16:43:58','2015-03-07',1),(70,'2015-03-02 16:43:58','2015-03-02 16:43:58','2015-03-08',1),(71,'2015-03-02 16:43:58','2015-03-02 16:43:58','2015-03-09',1),(72,'2015-03-02 16:43:58','2015-03-02 16:43:58','2015-03-10',1),(73,'2015-03-02 16:43:58','2015-03-02 16:43:58','2015-03-11',1),(74,'2015-03-02 16:43:59','2015-03-02 16:43:59','2015-03-12',1),(75,'2015-03-02 16:43:59','2015-03-02 16:43:59','2015-03-13',1),(76,'2015-03-02 16:43:59','2015-03-02 16:43:59','2015-03-14',1),(77,'2015-03-02 16:43:59','2015-03-02 16:43:59','2015-03-15',1),(78,'2015-03-02 16:43:59','2015-03-02 16:43:59','2015-03-16',1),(79,'2015-03-02 16:43:59','2015-03-02 16:43:59','2015-03-17',1),(80,'2015-03-02 16:43:59','2015-03-02 16:43:59','2015-03-18',1),(81,'2015-03-02 16:43:59','2015-03-02 16:43:59','2015-03-19',1),(82,'2015-03-02 16:43:59','2015-03-02 16:43:59','2015-03-20',1),(83,'2015-03-02 16:43:59','2015-03-02 16:43:59','2015-03-21',1),(84,'2015-03-02 16:43:59','2015-03-02 16:43:59','2015-03-22',1),(85,'2015-03-02 16:43:59','2015-03-02 16:43:59','2015-03-23',1),(86,'2015-03-02 16:43:59','2015-03-02 16:43:59','2015-03-24',1),(87,'2015-03-02 16:43:59','2015-03-02 16:43:59','2015-03-25',1),(88,'2015-03-02 16:43:59','2015-03-02 16:43:59','2015-03-26',1),(89,'2015-03-02 16:43:59','2015-03-02 16:43:59','2015-03-27',1),(90,'2015-03-02 16:43:59','2015-03-02 16:43:59','2015-03-28',1),(91,'2015-03-02 16:43:59','2015-03-02 16:43:59','2015-03-29',1),(92,'2015-03-02 16:43:59','2015-03-02 16:43:59','2015-03-30',1),(93,'2015-03-02 16:43:59','2015-03-02 16:43:59','2015-03-31',1),(94,'2015-03-02 16:45:19','2015-03-02 16:45:19','2015-03-01',1),(95,'2015-03-02 16:45:19','2015-03-02 16:45:19','2015-03-02',1),(96,'2015-03-02 16:45:19','2015-03-02 16:45:19','2015-03-03',1),(97,'2015-03-02 16:45:19','2015-03-02 16:45:19','2015-03-04',1),(98,'2015-03-02 16:45:19','2015-03-02 16:45:19','2015-03-05',1),(99,'2015-03-02 16:45:19','2015-03-02 16:45:19','2015-03-06',1),(100,'2015-03-02 16:45:20','2015-03-02 16:45:20','2015-03-07',1),(101,'2015-03-02 16:45:20','2015-03-02 16:45:20','2015-03-08',1),(102,'2015-03-02 16:45:20','2015-03-02 16:45:20','2015-03-09',1),(103,'2015-03-02 16:45:20','2015-03-02 16:45:20','2015-03-10',1),(104,'2015-03-02 16:45:20','2015-03-02 16:45:20','2015-03-11',1),(105,'2015-03-02 16:45:20','2015-03-02 16:45:20','2015-03-12',1),(106,'2015-03-02 16:45:20','2015-03-02 16:45:20','2015-03-13',1),(107,'2015-03-02 16:45:20','2015-03-02 16:45:20','2015-03-14',1),(108,'2015-03-02 16:45:20','2015-03-02 16:45:20','2015-03-15',1),(109,'2015-03-02 16:45:20','2015-03-02 16:45:20','2015-03-16',1),(110,'2015-03-02 16:45:20','2015-03-02 16:45:20','2015-03-17',1),(111,'2015-03-02 16:45:20','2015-03-02 16:45:20','2015-03-18',1),(112,'2015-03-02 16:45:20','2015-03-02 16:45:20','2015-03-19',1),(113,'2015-03-02 16:45:20','2015-03-02 16:45:20','2015-03-20',1),(114,'2015-03-02 16:45:20','2015-03-02 16:45:20','2015-03-21',1),(115,'2015-03-02 16:45:20','2015-03-02 16:45:20','2015-03-22',1),(116,'2015-03-02 16:45:20','2015-03-02 16:45:20','2015-03-23',1),(117,'2015-03-02 16:45:20','2015-03-02 16:45:20','2015-03-24',1),(118,'2015-03-02 16:45:20','2015-03-02 16:45:20','2015-03-25',1),(119,'2015-03-02 16:45:20','2015-03-02 16:45:20','2015-03-26',1),(120,'2015-03-02 16:45:20','2015-03-02 16:45:20','2015-03-27',1),(121,'2015-03-02 16:45:20','2015-03-02 16:45:20','2015-03-28',1),(122,'2015-03-02 16:45:20','2015-03-02 16:45:20','2015-03-29',1),(123,'2015-03-02 16:45:21','2015-03-02 16:45:21','2015-03-30',1),(124,'2015-03-02 16:45:21','2015-03-02 16:45:21','2015-03-31',1),(125,'2015-03-02 16:45:41','2015-03-02 16:45:41','2015-03-01',1),(126,'2015-03-02 16:45:41','2015-03-02 16:45:41','2015-03-02',1),(127,'2015-03-02 16:45:41','2015-03-02 16:45:41','2015-03-03',1),(128,'2015-03-02 16:45:41','2015-03-02 16:45:41','2015-03-04',1),(129,'2015-03-02 16:45:41','2015-03-02 16:45:41','2015-03-05',1),(130,'2015-03-02 16:45:41','2015-03-02 16:45:41','2015-03-06',1),(131,'2015-03-02 16:45:41','2015-03-02 16:45:41','2015-03-07',1),(132,'2015-03-02 16:45:41','2015-03-02 16:45:41','2015-03-08',1),(133,'2015-03-02 16:45:41','2015-03-02 16:45:41','2015-03-09',1),(134,'2015-03-02 16:45:41','2015-03-02 16:45:41','2015-03-10',1),(135,'2015-03-02 16:45:41','2015-03-02 16:45:41','2015-03-11',1),(136,'2015-03-02 16:45:41','2015-03-02 16:45:41','2015-03-12',1),(137,'2015-03-02 16:45:41','2015-03-02 16:45:41','2015-03-13',1),(138,'2015-03-02 16:45:41','2015-03-02 16:45:41','2015-03-14',1),(139,'2015-03-02 16:45:41','2015-03-02 16:45:41','2015-03-15',1),(140,'2015-03-02 16:45:41','2015-03-02 16:45:41','2015-03-16',1),(141,'2015-03-02 16:45:41','2015-03-02 16:45:41','2015-03-17',1),(142,'2015-03-02 16:45:41','2015-03-02 16:45:41','2015-03-18',1),(143,'2015-03-02 16:45:41','2015-03-02 16:45:41','2015-03-19',1),(144,'2015-03-02 16:45:41','2015-03-02 16:45:41','2015-03-20',1),(145,'2015-03-02 16:45:41','2015-03-02 16:45:41','2015-03-21',1),(146,'2015-03-02 16:45:42','2015-03-02 16:45:42','2015-03-22',1),(147,'2015-03-02 16:45:42','2015-03-02 16:45:42','2015-03-23',1),(148,'2015-03-02 16:45:42','2015-03-02 16:45:42','2015-03-24',1),(149,'2015-03-02 16:45:42','2015-03-02 16:45:42','2015-03-25',1),(150,'2015-03-02 16:45:42','2015-03-02 16:45:42','2015-03-26',1),(151,'2015-03-02 16:45:42','2015-03-02 16:45:42','2015-03-27',1),(152,'2015-03-02 16:45:42','2015-03-02 16:45:42','2015-03-28',1),(153,'2015-03-02 16:45:42','2015-03-02 16:45:42','2015-03-29',1),(154,'2015-03-02 16:45:42','2015-03-02 16:45:42','2015-03-30',1),(155,'2015-03-02 16:45:42','2015-03-02 16:45:42','2015-03-31',1),(156,'2015-03-02 16:45:42','2015-03-02 16:45:42','2015-03-01',1),(157,'2015-03-02 16:45:42','2015-03-02 16:45:42','2015-03-02',1),(158,'2015-03-02 16:45:42','2015-03-02 16:45:42','2015-03-03',1),(159,'2015-03-02 16:45:42','2015-03-02 16:45:42','2015-03-04',1),(160,'2015-03-02 16:45:42','2015-03-02 16:45:42','2015-03-05',1),(161,'2015-03-02 16:45:42','2015-03-02 16:45:42','2015-03-06',1),(162,'2015-03-02 16:45:42','2015-03-02 16:45:42','2015-03-07',1),(163,'2015-03-02 16:45:42','2015-03-02 16:45:42','2015-03-08',1),(164,'2015-03-02 16:45:42','2015-03-02 16:45:42','2015-03-09',1),(165,'2015-03-02 16:45:42','2015-03-02 16:45:42','2015-03-10',1),(166,'2015-03-02 16:45:42','2015-03-02 16:45:42','2015-03-11',1),(167,'2015-03-02 16:45:42','2015-03-02 16:45:42','2015-03-12',1),(168,'2015-03-02 16:45:43','2015-03-02 16:45:43','2015-03-13',1),(169,'2015-03-02 16:45:43','2015-03-02 16:45:43','2015-03-14',1),(170,'2015-03-02 16:45:43','2015-03-02 16:45:43','2015-03-15',1),(171,'2015-03-02 16:45:43','2015-03-02 16:45:43','2015-03-16',1),(172,'2015-03-02 16:45:43','2015-03-02 16:45:43','2015-03-17',1),(173,'2015-03-02 16:45:43','2015-03-02 16:45:43','2015-03-18',1),(174,'2015-03-02 16:45:43','2015-03-02 16:45:43','2015-03-19',1),(175,'2015-03-02 16:45:43','2015-03-02 16:45:43','2015-03-20',1),(176,'2015-03-02 16:45:43','2015-03-02 16:45:43','2015-03-21',1),(177,'2015-03-02 16:45:43','2015-03-02 16:45:43','2015-03-22',1),(178,'2015-03-02 16:45:43','2015-03-02 16:45:43','2015-03-23',1),(179,'2015-03-02 16:45:43','2015-03-02 16:45:43','2015-03-24',1),(180,'2015-03-02 16:45:43','2015-03-02 16:45:43','2015-03-25',1),(181,'2015-03-02 16:45:43','2015-03-02 16:45:43','2015-03-26',1),(182,'2015-03-02 16:45:43','2015-03-02 16:45:43','2015-03-27',1),(183,'2015-03-02 16:45:43','2015-03-02 16:45:43','2015-03-28',1),(184,'2015-03-02 16:45:43','2015-03-02 16:45:43','2015-03-29',1),(185,'2015-03-02 16:45:43','2015-03-02 16:45:43','2015-03-30',1),(186,'2015-03-02 16:45:43','2015-03-02 16:45:43','2015-03-31',1);
/*!40000 ALTER TABLE `turnos` ENABLE KEYS */;
UNLOCK TABLES;

--
-- Table structure for table `usergroups`
--

DROP TABLE IF EXISTS `usergroups`;
/*!40101 SET @saved_cs_client     = @@character_set_client */;
/*!40101 SET character_set_client = utf8 */;
CREATE TABLE `usergroups` (
  `id` int(10) unsigned NOT NULL AUTO_INCREMENT,
  `nombre` varchar(255) COLLATE utf8_unicode_ci NOT NULL,
  PRIMARY KEY (`id`)
) ENGINE=InnoDB AUTO_INCREMENT=4 DEFAULT CHARSET=utf8 COLLATE=utf8_unicode_ci;
/*!40101 SET character_set_client = @saved_cs_client */;

--
-- Dumping data for table `usergroups`
--

LOCK TABLES `usergroups` WRITE;
/*!40000 ALTER TABLE `usergroups` DISABLE KEYS */;
INSERT INTO `usergroups` VALUES (1,'Administrador'),(2,'Usuario'),(3,'Viewer');
/*!40000 ALTER TABLE `usergroups` ENABLE KEYS */;
UNLOCK TABLES;

--
-- Table structure for table `users`
--

DROP TABLE IF EXISTS `users`;
/*!40101 SET @saved_cs_client     = @@character_set_client */;
/*!40101 SET character_set_client = utf8 */;
CREATE TABLE `users` (
  `id` int(10) unsigned NOT NULL AUTO_INCREMENT,
  `firstname` varchar(20) COLLATE utf8_unicode_ci NOT NULL,
  `lastname` varchar(20) COLLATE utf8_unicode_ci NOT NULL,
  `email` varchar(100) COLLATE utf8_unicode_ci NOT NULL,
  `password` varchar(64) COLLATE utf8_unicode_ci NOT NULL,
  `created_at` timestamp NOT NULL DEFAULT '0000-00-00 00:00:00',
  `updated_at` timestamp NOT NULL DEFAULT '0000-00-00 00:00:00',
  `remember_token` varchar(100) COLLATE utf8_unicode_ci NOT NULL,
  `group_id` int(11) NOT NULL,
  PRIMARY KEY (`id`),
  UNIQUE KEY `users_email_unique` (`email`)
) ENGINE=InnoDB AUTO_INCREMENT=6 DEFAULT CHARSET=utf8 COLLATE=utf8_unicode_ci;
/*!40101 SET character_set_client = @saved_cs_client */;

--
-- Dumping data for table `users`
--

LOCK TABLES `users` WRITE;
/*!40000 ALTER TABLE `users` DISABLE KEYS */;
INSERT INTO `users` VALUES (1,'Ban','Majstrovic','ban0072000@gmail.com','$2y$10$9/spwbuhw0RrQPzMNSTq9etPmwXRr7eLPbtSmprpFmFTZW9cqrmmm','2014-11-10 09:06:48','2015-02-16 17:12:30','WfTTAP5iQRXNZrXR6W13XuN5V6nNpyJBR3oNCkj4P9pUXmjVW6pKNyPvBlzN',1),(2,'lolo','lolito','lopo@lopo.com','$2y$10$YGB7EbuOgARocHEpfI6Bq.GLDNegPXsDAV4k6ZlpqGazGKWkn7x6G','2014-11-10 09:08:18','2015-02-16 17:18:49','PKpRnrQVozCRMtqGz9lJiQOOES60q2FepVD8MtIvPFF7FrAx6AfwHBnpclvN',3),(3,'Juan','Escribano','juan.escri@gmail.com','$2y$10$NBjrEoooAipcX/va.0GgIOZSsc4NdiTvzZ3ecFz9keYctHWWqzlQC','2014-11-18 08:57:35','2014-11-18 08:57:35','',0),(4,'Rafael','Escribano','rafaescribano@bitgeenius.com','$2y$10$EXXH8kQzlXxcLrC9RXsUUuRTqT6l/ZQjSsQTOm.8HMd3Pf9i./bCu','2014-11-27 10:58:00','2014-11-27 17:56:30','',0),(5,'Ángel','Barrientos','ab@bitgeenius.com','$2y$10$gfO6dPOmmuW1SIazMw/4Q.yLBgQXRxk4yFdiwzddr7rbvrOlLAeZK','2014-12-16 13:40:04','2014-12-16 13:40:04','',0);
/*!40000 ALTER TABLE `users` ENABLE KEYS */;
UNLOCK TABLES;
/*!40103 SET TIME_ZONE=@OLD_TIME_ZONE */;

/*!40101 SET SQL_MODE=@OLD_SQL_MODE */;
/*!40014 SET FOREIGN_KEY_CHECKS=@OLD_FOREIGN_KEY_CHECKS */;
/*!40014 SET UNIQUE_CHECKS=@OLD_UNIQUE_CHECKS */;
/*!40101 SET CHARACTER_SET_CLIENT=@OLD_CHARACTER_SET_CLIENT */;
/*!40101 SET CHARACTER_SET_RESULTS=@OLD_CHARACTER_SET_RESULTS */;
/*!40101 SET COLLATION_CONNECTION=@OLD_COLLATION_CONNECTION */;
/*!40111 SET SQL_NOTES=@OLD_SQL_NOTES */;

-- Dump completed on 2015-03-11 12:42:44
